"name","longitude","latitude","prov","date","key"
"Firoloida desmarestia","35.51666667","34.21666667","obis",NA,"0124d8a4-0705-4542-9537-6aa550a8f6c7"
"Firoloida desmarestia","35.46666667","33.96666667","obis",NA,"0155af94-4c0a-4e03-bed0-9967a49eb230"
"Firoloida desmarestia","83.7404","9.1103","obis",NA,"01b9bc24-5cf4-42a7-bb4e-c46a03667680"
"Firoloida desmarestia","-125.9830017","6.166999817","obis",1975-01-28,"0379d505-4c13-4c2e-9898-8e3f4eaafeed"
"Firoloida desmarestia","63.420277","-19.678333","obis",NA,"09836f23-780a-4039-819b-ca2976e514c8"
"Firoloida desmarestia","35.48333333","33.98333333","obis",NA,"0b8041b6-9d05-4796-ba4c-deeecf736f00"
"Firoloida desmarestia","-101.1500015","15.99833012","obis",NA,"0d156cca-67bf-4e19-a58e-fe78ba7f7c68"
"Firoloida desmarestia","35.53333333","34.41666667","obis",NA,"114ca0df-c5cb-4542-a8f5-a0bcd6ddc8e9"
"Firoloida desmarestia","-86.55963898","30.41911125","obis",NA,"151da4da-0067-4241-b10c-09eea0632bcd"
"Firoloida desmarestia","-92.05000305","-1.850000024","obis",NA,"2186bfe4-99f3-42c6-bc26-ada284aabac6"
"Firoloida desmarestia","35.46666667","33.95","obis",NA,"25d8ddc6-6a5c-486e-b6d6-5e327617d000"
"Firoloida desmarestia","-118.9670029","-7.699999809","obis",1975-01-12,"26e0e5cd-0d5e-4ef6-9dcd-6cad45ac3837"
"Firoloida desmarestia","35.43333333","34.2","obis",NA,"27dfe0d0-6eeb-4f74-9973-6480412cc318"
"Firoloida desmarestia","35.5","34.1","obis",NA,"332faf88-60e7-42cd-b081-94bfe2426bab"
"Firoloida desmarestia","-92.03299713","-12.31700039","obis",NA,"382c7056-734f-4263-ab10-2a3616b660c8"
"Firoloida desmarestia","-94.02115631","18.39526176","obis",NA,"41ab0fdf-bc81-4732-ba92-693376532b0b"
"Firoloida desmarestia","35.5","34","obis",NA,"41d3fe2e-e0c9-44da-b4d5-e3635d6b9ed5"
"Firoloida desmarestia","35.5","34","obis",NA,"42fc663a-bcb9-4aee-af12-5166fdd5eb8b"
"Firoloida desmarestia","35.5","34.1","obis",NA,"4316b0b7-8804-4106-9a6f-ecedeb97b9c3"
"Firoloida desmarestia","35.5","33.91666667","obis",NA,"4681089b-753a-4257-a20b-78177d09b20b"
"Firoloida desmarestia","17.2735","40.028","obis",NA,"46fa91e2-b88d-48bc-bda0-e1cfa3e570c5"
"Firoloida desmarestia","25","35.16699982","obis",NA,"49bb4ed2-8700-4e80-b040-d42061be6adc"
"Firoloida desmarestia","35.43333333","34.2","obis",NA,"500e9d5d-e43d-41ce-914c-a5131cfd70c3"
"Firoloida desmarestia","-97.63271332","22.33607483","obis",NA,"520a949c-a41f-4757-b3bc-13b75596ba87"
"Firoloida desmarestia","55.666668","-4.582778","obis",NA,"5364e890-6d0e-4772-af27-96c05d68a883"
"Firoloida desmarestia","25","35.16699982","obis",NA,"53eede9e-69af-4f53-b008-bae74a61a816"
"Firoloida desmarestia","-97.44389343","22.40377617","obis",NA,"56e249a8-fe0c-4090-8561-961ae98f3b4b"
"Firoloida desmarestia","35.53333333","34.05","obis",NA,"5a674f07-e257-4924-925a-39dc4c1a2293"
"Firoloida desmarestia","-87.88371277","21.57045364","obis",NA,"5bd875f2-c0d8-4b6d-8a3f-42f8f2dca8de"
"Firoloida desmarestia","28.57016667","33.60483333","obis",NA,"5f961497-8e1a-49e8-8714-fdb3c7f94ea0"
"Firoloida desmarestia","35.48333333","33.98333333","obis",NA,"5fcadbb1-a53f-4188-b8e0-1a902cfd7b16"
"Firoloida desmarestia","-79.92888641","27.47971916","obis",1975-01-24,"6d3ed1d9-0c65-43e0-b5bc-0cd8b837157c"
"Firoloida desmarestia","-86.87680817","29.92892647","obis",NA,"6e1f1c00-71dc-4b11-a5b9-826f688fdb2b"
"Firoloida desmarestia","-55.939999","-34.349998","obis",NA,"6f8a165d-9a97-4bb4-9b34-791391055356"
"Firoloida desmarestia","63.42027664","-19.67833328","obis",NA,"70174a7a-6047-4c0c-96f7-1557d1dcfc4f"
"Firoloida desmarestia","35.53333333","34.41666667","obis",NA,"763cab90-7f06-4b65-89a8-3bd687869b0c"
"Firoloida desmarestia","35.5","34.2","obis",NA,"79db9821-778a-47a6-905b-ba3741c9e2a1"
"Firoloida desmarestia","-94.13179779","18.21105766","obis",NA,"7b2ed7fc-9e9c-42c3-837f-6d828ddcd669"
"Firoloida desmarestia","35.5","33.93333333","obis",NA,"7e28787d-255a-432f-9b72-2a41193a35d3"
"Firoloida desmarestia","-112.0169983","6.199999809","obis",1975-01-18,"7f7e2ae1-75bc-49b6-9938-fab4e02eb391"
"Firoloida desmarestia","55.666668","-4.582778","obis",NA,"83ef05c0-7a57-4831-9e1b-6b0a07f3c1c7"
"Firoloida desmarestia","-54.36600113","14.2821703","obis",NA,"8a071fa1-78f2-47d5-a9de-10332e7148de"
"Firoloida desmarestia","-82.34069061","24.78056526","obis",NA,"8a872a94-aafd-477d-a345-ea9a034ae014"
"Firoloida desmarestia","44.216667","-20.383333","obis",NA,"8c7a1760-4c98-4bee-bb20-29cf3d54de1b"
"Firoloida desmarestia","-97.0777359","27.28079605","obis",NA,"8cd8c277-3164-4878-a5cf-3afcb1620ce7"
"Firoloida desmarestia","-119.0250015","0.391669989","obis",1975-01-19,"8cf9a16b-6cd5-48b7-ae3b-f2c371d97213"
"Firoloida desmarestia","-118.8499985","6.083000183","obis",1975-01-06,"9f3f4c90-21a5-44d1-8b87-b27ad526ee61"
"Firoloida desmarestia","-112.0250015","5.5","obis",NA,"a1305f5c-50a8-4276-b728-c511d84d0f3f"
"Firoloida desmarestia","-84.19126892","26.96666908","obis",NA,"a6487095-ab40-4191-b1b4-8aa8a2ec934e"
"Firoloida desmarestia","-92.61405182","29.01935005","obis",NA,"ac1702db-a12c-4d59-8fee-188f8f054cbe"
"Firoloida desmarestia","-82.69072723","27.47027588","obis",NA,"acd9b520-0051-4502-99cd-64c1eddfe669"
"Firoloida desmarestia","44.216667","-20.383333","obis",NA,"aead635a-f96e-40ed-89a1-630744ed351d"
"Firoloida desmarestia","-88.93846893","23.25479317","obis",NA,"b2ed5a5d-6f46-4127-b4c6-d74b284ee778"
"Firoloida desmarestia","35.5","34.2","obis",NA,"b39b173c-ac40-40bb-abd8-27dea95d05b4"
"Firoloida desmarestia","-97.79373169","22.27995873","obis",NA,"bb117f2f-cd3e-41b1-97f2-025b58f1f3cb"
"Firoloida desmarestia","-92.04501343","28.13690186","obis",NA,"bc300e7a-1009-49bc-953c-d3e968d5e4e2"
"Firoloida desmarestia","-118.7249985","-2.367000103","obis",1975-01-19,"c023f72d-080e-4842-bf09-ecaf6cd49a11"
"Firoloida desmarestia","-96.60042572","27.12928772","obis",NA,"c1e2973a-9bc0-4a83-82ed-ce2f0fa837a9"
"Firoloida desmarestia","55.66666794","-4.582777977","obis",NA,"c50bc60c-e4e1-4439-a784-be45b02f228a"
"Firoloida desmarestia","-88.34420776","22.3022728","obis",NA,"c6c16b3a-98fd-458d-9331-e10888a7b77d"
"Firoloida desmarestia","35.58333333","34.1","obis",NA,"c85fdf90-8cc1-484a-b6b2-077bd950ff31"
"Firoloida desmarestia","-83.20791626","27.30173683","obis",NA,"cdae0979-7814-47fd-af28-e53bc9e5daec"
"Firoloida desmarestia","44.21666718","-20.38333321","obis",NA,"cdb03049-c08b-489d-8601-07945e4ab4be"
"Firoloida desmarestia","35.5","34.1","obis",NA,"d2758f6b-491f-4414-9e1e-57702ab11cd8"
"Firoloida desmarestia","-93.84389496","18.6886692","obis",NA,"d3749fc7-2b74-478d-b0f6-f175a629c0cb"
"Firoloida desmarestia","-82.8923111","23.02654839","obis",NA,"d3a4f753-9802-4e65-b5c9-dbde1a457a5d"
"Firoloida desmarestia","-93.08989716","29.74850845","obis",NA,"d3bf0ba4-2286-4d06-9cd7-785e4d4b8046"
"Firoloida desmarestia","-54.36600113","14.2821703","obis",NA,"da1427e8-b533-46e4-ad2c-f665834b80f4"
"Firoloida desmarestia","-79.88513947","27.65306091","obis",1975-01-03,"dcabecf5-c50d-46b3-bbf3-b30e246ff96f"
"Firoloida desmarestia","-97.369133","27.37338638","obis",NA,"df0c9f16-e73f-442d-b2fa-d98d4a81af33"
"Firoloida desmarestia","35.5","34","obis",NA,"e3fa1126-8bbd-4dba-98d8-a8b065132afc"
"Firoloida desmarestia","-86.66938782","30.25043488","obis",NA,"e495fd12-dbf6-4afe-9d72-46fc49c5cb1a"
"Firoloida desmarestia","9.81834","43.03715","obis",NA,"e71bf1cf-306f-4416-8d26-b15373622f30"
"Firoloida desmarestia","35.5","34.1","obis",NA,"e85a283a-ba72-45c2-8424-11ab8b85435b"
"Firoloida desmarestia","63.420277","-19.678333","obis",NA,"e8780972-2594-4dce-9be6-9e40dfbded57"
"Firoloida desmarestia","-105.4329987","7.199999809","obis",NA,"ef544041-7c60-44af-8104-4dbf49535483"
"Firoloida desmarestia","35.56666667","34.55","obis",NA,"f1025387-6d5f-43f8-871b-10433340379a"
"Firoloida desmarestia","35.58333333","34.56666667","obis",NA,"f1333282-f339-4322-ad53-2f4c77405b11"
"Firoloida desmarestia","-82.88726044","23.02514648","obis",NA,"f591a5fe-5c45-4794-a026-ff3f1d5c3a4d"
"Firoloida desmarestia","35.43333333","34.1","obis",NA,"f74c5979-f18e-4458-8b4c-864bffefcbed"
"Firoloida desmarestia","-112.4670029","5.166999817","obis",NA,"f97afbb9-5d66-466d-8d83-b2ef36b72259"
"Firoloida desmarestia","22.33183333","35.842","obis",NA,"fb0634f7-78b3-46ed-b54f-6ddb595d957e"
"Firoloida desmarestia Lesueur, 1817","97.81304","9.067691","gbif",2023-03-25,"4080967631"
"Firoloida desmarestia Lesueur, 1817","6.77323","43.40714","gbif",2021-03-20,"3830340492"
"BOLD:ACV1305","-79.219","8.645","gbif",2019-04-12,"4038709948"
"BOLD:ACV1305","-79.219","8.645","gbif",2019-04-12,"4038673966"
"Firoloida desmarestia Lesueur, 1817","-117.5371","32.7042","gbif",2019-07-13,"2416975007"
"Firoloida desmarestia Lesueur, 1817","145.432584","-14.677148","gbif",2018-11-30,"2432510152"
"BOLD:ACV1305","-117.883","33.5667","gbif",2018-11-14,"2249213743"
"BOLD:ACQ7212",NA,NA,"gbif",2017-06-23,"3442422365"
"BOLD:ACQ7212",NA,NA,"gbif",2017-06-23,"3443477271"
"BOLD:ACQ7212",NA,NA,"gbif",2017-06-23,"3442417157"
"Firoloida desmarestia Lesueur, 1817","-79.9513","27.4645","gbif",2017-06-23,"1675831028"
"Firoloida desmarestia Lesueur, 1817","-79.9513","27.4645","gbif",2017-06-23,"1675873350"
"Firoloida desmarestia Lesueur, 1817","-79.9513","27.4645","gbif",2017-06-23,"1676002052"
"Firoloida desmarestia Lesueur, 1817","-79.9513","27.4645","gbif",2017-06-23,"3028037113"
"Firoloida desmarestia Lesueur, 1817","-79.9513","27.4645","gbif",2017-06-23,"3028038155"
"Firoloida desmarestia Lesueur, 1817","-79.9532","27.4549","gbif",2017-06-19,"1676029385"
"Firoloida desmarestia Lesueur, 1817","-79.9513","27.4645","gbif",2017-06-23,"3028046320"
"Firoloida desmarestia Lesueur, 1817","-79.9532","27.4549","gbif",2017-06-19,"3028047201"
"Firoloida desmarestia Lesueur, 1817",NA,NA,"gbif",2017-06-19,"3818423613"
"Firoloida desmarestia Lesueur, 1817",NA,NA,"gbif",2017-06-23,"3818014657"
"Firoloida desmarestia Lesueur, 1817","-79.949997","27.459999","gbif",2017-06-23,"3818438632"
"Firoloida desmarestia Lesueur, 1817","-79.949997","27.459999","gbif",2017-06-23,"4008318334"
"BOLD:ACQ7212",NA,NA,"gbif",2017-08-16,"3442450384"
"BOLD:ACQ7212",NA,NA,"gbif",2017-08-16,"3443462404"
"Firoloida desmarestia Lesueur, 1817","-79.885","27.4977","gbif",2017-08-16,"1675814925"
"Firoloida desmarestia Lesueur, 1817","-79.885","27.4977","gbif",2017-08-16,"3028092407"
"Firoloida desmarestia Lesueur, 1817","-79.885","27.4977","gbif",2017-08-16,"3028097496"
"Firoloida desmarestia Lesueur, 1817","-79.885","27.4977","gbif",2017-08-16,"1675922376"
"Firoloida desmarestia Lesueur, 1817","-79.885","27.4977","gbif",2017-08-16,"3028031308"
"Firoloida desmarestia Lesueur, 1817","-79.885","27.4977","gbif",2017-08-16,"1676028743"
"Firoloida desmarestia Lesueur, 1817",NA,NA,"gbif",2017-08-16,"3818462815"
"Firoloida desmarestia Lesueur, 1817",NA,NA,"gbif",2017-08-16,"3818424673"
"BOLD:ACV1305","-79.29","8.64","gbif",2016-03-23,"4038824860"
"BOLD:ACV1305","-109.213","24.31","gbif",2015-02-23,"3442422407"
"Firoloida desmarestia Lesueur, 1817","-109.213","24.31","gbif",2015-02-23,"1317916491"
"Firoloida desmarestia Lesueur, 1817","-109.213","24.31","gbif",2015-02-23,"3028128823"
"Firoloida desmarestia Lesueur, 1817","-109.209999","24.309999","gbif",2015-02-23,"3818042813"
"BOLD:ACV1305","-117.917","33.6","gbif",2014-09-02,"2249217099"
"Firoloida desmarestia Lesueur, 1817","38","22.71","gbif",2013-05-01,"2570152581"
"BOLD:ACV1305","144.775","14.599","gbif",2010-03-26,"2251023208"
"BOLD:ACV1305","144.775","14.599","gbif",2010-03-26,"2251023463"
"Firoloida desmarestia Lesueur, 1817","-112.0167","27.309583","gbif",2007-01-20,"1418761960"
"Firoloida desmarestia Lesueur, 1817","-111.260278","26.431111","gbif",2007-01-26,"1418762031"
"Firoloida desmarestia Lesueur, 1817","-110.626667","26.480556","gbif",2007-01-22,"1418762272"
"Firoloida desmarestia Lesueur, 1817","-110.976389","25.995833","gbif",2007-01-27,"1418762656"
"Firoloida desmarestia Lesueur, 1817","-113.433611","29.089167","gbif",2007-07-24,"1418762961"
"Firoloida desmarestia Lesueur, 1817","-112.948611","29.364722","gbif",2007-07-23,"1418762515"
"Firoloida desmarestia Lesueur, 1817","-112.984444","28.7475","gbif",2007-07-26,"1418763014"
"Firoloida desmarestia Lesueur, 1817","-112.196667","28.888056","gbif",2007-07-31,"1418762249"
"Firoloida desmarestia Lesueur, 1817","-112.759444","28.301667","gbif",2007-07-26,"1418763206"
"Firoloida desmarestia Lesueur, 1817","-111.766944","28.2325","gbif",2007-07-01,"1418762011"
"Firoloida desmarestia Lesueur, 1817","-112.366694","27.640833","gbif",2007-07-27,"1418763028"
"Firoloida desmarestia Lesueur, 1817","-111.626389","28.017778","gbif",2007-07-30,"1418762440"
"Firoloida desmarestia Lesueur, 1817","-111.323611","27.882778","gbif",2007-07-01,"1418762558"
"Firoloida desmarestia Lesueur, 1817","-111.015","27.753333","gbif",2007-07-02,"1418763280"
"Firoloida desmarestia Lesueur, 1817","-111.204167","27.216111","gbif",2007-07-28,"1418763158"
"Firoloida desmarestia Lesueur, 1817","-111.204167","27.216111","gbif",2007-07-29,"1418763184"
"Firoloida desmarestia Lesueur, 1817","-111.204167","27.216111","gbif",2007-07-29,"1418763156"
"Firoloida desmarestia Lesueur, 1817","-111.204167","27.216111","gbif",2007-07-29,"1418763161"
"Firoloida desmarestia Lesueur, 1817","-114.066944","31.422222","gbif",2007-07-19,"1418761946"
"Firoloida desmarestia Lesueur, 1817","-111.846944","26.995833","gbif",2007-07-29,"1418762749"
"Firoloida desmarestia Lesueur, 1817","-111.846944","26.995833","gbif",2007-07-29,"1418762810"
"Firoloida desmarestia Lesueur, 1817","-111.846944","26.995833","gbif",2007-07-29,"1418762793"
"Firoloida desmarestia Lesueur, 1817","-111.846944","26.995833","gbif",2007-07-29,"1418762819"
"Firoloida desmarestia Lesueur, 1817","-111.100278","26.521944","gbif",2007-07-28,"1418763012"
"Firoloida desmarestia Lesueur, 1817","-114.089167","31.111111","gbif",2007-07-20,"1418762178"
"Firoloida desmarestia Lesueur, 1817","-114.268056","30.714444","gbif",2007-07-21,"1418762698"
"Firoloida demarestia Lesueur, 1817","-55","14","gbif",2006-04-25,"3349818559"
"Firoloida demarestia Lesueur, 1817","-55","14","gbif",2006-04-25,"3349837529"
"BOLD:ACQ7212","-55","14","gbif",2006-04-25,"2250080329"
"BOLD:ACQ7212","-55","14","gbif",2006-04-25,"2250081657"
"Firoloida desmarestia Lesueur, 1817","-111.951667","27.835833","gbif",2005-11-23,"1418763228"
"Firoloida desmarestia Lesueur, 1817","-111.847222","26.995833","gbif",2005-11-22,"1418763011"
"Firoloida desmarestia Lesueur, 1817","-110.290556","26.973611","gbif",2005-11-21,"1418763183"
"Firoloida desmarestia Lesueur, 1817","-111.2425","26.123333","gbif",2005-11-20,"1418762540"
"Firoloida desmarestia Lesueur, 1817","-109.292778","25.440833","gbif",2005-11-19,"1418762216"
"Firoloida desmarestia Lesueur, 1817","-110.1225","24.679167","gbif",2005-11-19,"1418763118"
"Firoloida desmarestia Lesueur, 1817","-6.78888","35.29572","gbif",2004-08-18,"2570098163"
"Firoloida desmarestia Lesueur, 1817","-79.9289","27.4797","gbif",2002-04-22,"1317948906"
"Firoloida desmarestia Lesueur, 1817","-79.8851","27.6531","gbif",2002-05-01,"1320804601"
"Firoloida desmarestia Lesueur, 1817","11.77","42.1","gbif",2001-03-01,"2570112104"
"Firoloida desmarestia Lesueur, 1817","12.62","41.44","gbif",1999-02-01,"2570111501"
"Firoloida desmarestia Lesueur, 1817","-87.866667","23.431667","gbif",1994-04-25,"2629294513"
"Firoloida demarestia Lesueur, 1817",NA,NA,"gbif",1993-05-18,"207834231"
"Firoloida demarestia Lesueur, 1817",NA,NA,"gbif",1993-05-23,"207834232"
"Firoloida demarestia Lesueur, 1817",NA,NA,"gbif",1993-05-29,"207834233"
"Firoloida desmarestia Lesueur, 1817","25.6","37.36","gbif",1986-07-01,"2570113781"
"Firoloida desmarestia Lesueur, 1817","126.941667","28.346667","gbif",1982-07-24,"3094902422"
"Firoloida desmarestia Lesueur, 1817","-22.916667","15.916667","gbif",1982-08-01,"2570113152"
"Firoloida desmarestia Lesueur, 1817","130.841667","29.008333","gbif",1982-08-05,"3094950436"
"Firoloida desmarestia Lesueur, 1817","-158.3","21.383333","gbif",1981-05-30,"4103883281"
"Firoloida desmarestia Lesueur, 1817","130.833333","29","gbif",1981-07-27,"3094941392"
"Firoloida desmarestia Lesueur, 1817","138.416667","34.333333","gbif",1981-07-12,"3094950412"
"Firoloida desmarestia Lesueur, 1817","140.4","34.683333","gbif",1980-06-15,"3094898380"
"Firoloida desmarestia Lesueur, 1817","124.15","27.25","gbif",1980-07-18,"3094950385"
"Firoloida desmarestia Lesueur, 1817","126.583333","25.4","gbif",1980-07-18,"3094948381"
"Firoloida desmarestia Lesueur, 1817","134.9","32.883333","gbif",1980-07-28,"3094943383"
"Firoloida desmarestia Lesueur, 1817","141.5","34.383333","gbif",1979-06-20,"3094906377"
"Firoloida desmarestia Lesueur, 1817","134.866667","31.916667","gbif",1979-07-11,"3094946368"
"Firoloida desmarestia Lesueur, 1817","134.9","32.883333","gbif",1979-07-13,"3094947365"
"Firoloida desmarestia Lesueur, 1817","124.15","27.25","gbif",1978-07-19,"3094946344"
"Firoloida desmarestia Lesueur, 1817","126.583333","25.4","gbif",1978-07-21,"3094904344"
"Firoloida desmarestia Lesueur, 1817","128.966667","23.566667","gbif",1978-08-04,"3094906341"
"Firoloida desmarestia Lesueur, 1817",NA,NA,"gbif",1978-10-01,"4040392324"
"Firoloida desmarestia Lesueur, 1817",NA,NA,"gbif",1976-02-08,"2444212908"
"Firoloida desmarestia Lesueur, 1817",NA,NA,"gbif",1969-05-21,"4104010376"
"Firoloida desmarestia Lesueur, 1817","-92.05","-1.85","gbif",1967-02-15,"1318935321"
"Firoloida desmarestia Lesueur, 1817","-125.98","6.17","gbif",1967-02-26,"1319045343"
"Firoloida desmarestia Lesueur, 1817","-118.85","6.0833","gbif",1967-02-03,"1320149293"
"Firoloida desmarestia Lesueur, 1817","-118.97","-7.7","gbif",1967-02-10,"1321420332"
"Firoloida desmarestia Lesueur, 1817","-92.0333","-12.3167","gbif",1967-02-19,"1321946285"
"Firoloida desmarestia Lesueur, 1817","-86.6","1.35","gbif",1967-03-21,"1317786160"
"Firoloida desmarestia Lesueur, 1817","-112.025","5.5","gbif",1967-03-15,"1319163123"
"Firoloida desmarestia Lesueur, 1817","-101.15","15.9983","gbif",1967-03-13,"1322957170"
"Firoloida desmarestia Lesueur, 1817","-112.467","5.1667","gbif",1967-04-26,"1322049811"
"Firoloida desmarestia Lesueur, 1817","-112.02","6.2","gbif",1967-05-16,"1320542647"
"Firoloida desmarestia Lesueur, 1817","-105.433","7.2","gbif",1967-05-11,"1322148408"
"Firoloida desmarestia Lesueur, 1817","-118.725","-2.37","gbif",1967-08-17,"1318840686"
"Firoloida desmarestia Lesueur, 1817","-119.025","0.3917","gbif",1967-08-16,"1318893217"
"Firoloida desmarestia Lesueur, 1817",NA,NA,"gbif",1949-11-01,"1057013366"
"Firoloida desmarestia Lesueur, 1817",NA,NA,"gbif",1914-07-21,"477178354"
"Firoloida desmarestia Lesueur, 1817",NA,NA,"gbif",1913-07-30,"477222776"
"Firoloida desmarestia Lesueur, 1817",NA,NA,"gbif",1913-07-22,"477222777"
"Firoloida desmarestia Lesueur, 1817",NA,NA,"gbif",1913-07-30,"477222778"
"Firoloida desmarestia Lesueur, 1817",NA,NA,"gbif",1913-07-22,"477222779"
"Firoloida desmarestia Lesueur, 1817",NA,NA,"gbif",1913-07-21,"477222780"
"Firoloida desmarestia Lesueur, 1817","14.23","40.83","gbif",1892-01-01,"3914242308"
"Firoloida desmarestia Lesueur, 1817",NA,NA,"gbif",1876-03-03,"1057191045"
"Firoloida desmarestia Lesueur, 1817","-109.21715","10.3034","gbif",NA,"3935070707"
"Firoloida desmarestia Lesueur, 1817","-55.939999","-34.349998","gbif",NA,"1328190982"
"Firoloida desmarestia Lesueur, 1817","-61.01929","14.65485","gbif",NA,"4050604618"
"Firoloida demarestia Lesueur, 1817",NA,NA,"gbif",NA,"4104108651"
"Firoloida desmarestia Lesueur, 1817","44.216666","-20.383333","gbif",NA,"90168105"
"Firoloida demarestia Lesueur, 1817","0","0","gbif",NA,"90168113"
"Firoloida desmarestia Lesueur, 1817","-109.21715","10.3034","gbif",NA,"4050461149"
"Firoloida desmarestia Lesueur, 1817","-61.01929","14.65485","gbif",NA,"3935095462"
"Firoloida desmarestia Lesueur, 1817","-61.01929","14.65485","gbif",NA,"3847052828"
"Cyclostrema minutum Jeffreys, 1883","25","35.17","gbif",NA,"1317312836"
"Firoloida desmarestia Lesueur, 1817",NA,NA,"gbif",NA,"1317463064"
"Cyclostrema minutum Jeffreys, 1883","25","35.17","gbif",NA,"1318165149"
"Firoloida desmarestia Lesueur, 1817","9.81834","43.03715","gbif",NA,"3024712387"
"Firoloida desmarestia Lesueur, 1817","9.81834","43.03715","gbif",NA,"3025767126"
"Firoloida desmarestia Lesueur, 1817","-49.00222","-33.6525","gbif",NA,"1569203439"
"Firoloida desmarestia Lesueur, 1817",NA,NA,"gbif",NA,"2444455898"
"Firoloida desmarestia Lesueur, 1817",NA,NA,"gbif",NA,"2443715531"
"Firoloida desmarestia Lesueur, 1817",NA,NA,"gbif",NA,"2443715565"
"Firoloida desmarestia Lesueur, 1817",NA,NA,"gbif",NA,"2444609123"
"Firoloida desmarestia Lesueur, 1817",NA,NA,"gbif",NA,"2444209999"
"Firoloida desmarestia Lesueur, 1817",NA,NA,"gbif",NA,"2444650446"
"Firoloida desmarestia Lesueur, 1817",NA,NA,"gbif",NA,"2444521324"
"Firoloida desmarestia Lesueur, 1817",NA,NA,"gbif",NA,"2444657474"
"Firoloida desmarestia Lesueur, 1817",NA,NA,"gbif",NA,"2444657658"
"Firoloida desmarestia Lesueur, 1817",NA,NA,"gbif",NA,"2444658641"
"Firoloida desmarestia Lesueur, 1817",NA,NA,"gbif",NA,"2444658439"
"Firoloida desmarestia Lesueur, 1817",NA,NA,"gbif",NA,"2444553694"
"Firoloida desmarestia Lesueur, 1817",NA,NA,"gbif",NA,"1234581629"
"Firoloida desmarestia Lesueur, 1817",NA,NA,"gbif",NA,"2444504618"
"Firoloida desmarestia Lesueur, 1817","14.342222","35.933611","gbif",NA,"2443929489"
"Firoloida desmarestia Lesueur, 1817",NA,NA,"gbif",NA,"2443937477"
"Firoloida desmarestia Lesueur, 1817","14.328611","35.941111","gbif",NA,"2443932491"
"Firoloida desmarestia Lesueur, 1817","14.398889","35.902778","gbif",NA,"2443935528"
"Cyclostrema minutum Jeffreys, 1883","25","35.17","gbif",NA,"1317312836"
"Cyclostrema minutum Jeffreys, 1883","25","35.17","gbif",NA,"1318165149"
"Firoloida demarestia Lesueur, 1817","-55","14","gbif",2006-04-25,"3349818559"
"Firoloida demarestia Lesueur, 1817","-55","14","gbif",2006-04-25,"3349837529"
"Firoloida demarestia Lesueur, 1817",NA,NA,"gbif",1993-05-18,"207834231"
"Firoloida demarestia Lesueur, 1817",NA,NA,"gbif",1993-05-23,"207834232"
"Firoloida demarestia Lesueur, 1817",NA,NA,"gbif",1993-05-29,"207834233"
"Firoloida demarestia Lesueur, 1817",NA,NA,"gbif",NA,"4104108651"
"Firoloida demarestia Lesueur, 1817","0","0","gbif",NA,"90168113"
"Firoloida desmarestia","97.8130398722","9.0676910123","inat",2023-03-25,"153518780"
"firoloida desmarestia","-111.1002778","26.5219444","idigbio",2007-07-28,"0329871d-0115-439a-a464-037b8ace4d55"
"firoloida desmarestia","-112.02","6.2","idigbio",1967-05-16,"06b14e79-fc2f-4abc-92d0-70e6bbf851b9"
"firoloida desmarestia","-114.2680556","30.7144444","idigbio",2007-07-21,"0746df79-c472-4bab-9e45-ec56c4a164af"
"firoloida desmarestia","-112.467","5.1667","idigbio",1967-04-26,"08461745-4ae1-4be9-a7cb-e8d9c349f025"
"firoloida desmarestia","-112.0167","27.3095833","idigbio",2007-01-20,"09cb4303-185c-4273-8b2b-4b6cdbf378c8"
"firoloida desmarestia","-92.05","-1.85","idigbio",1967-02-15,"0c6e3ebc-79ae-4c2e-bce9-59548c331ceb"
"firoloida desmarestia","-119.025","0.3917","idigbio",1967-08-16,"0f4bc951-e5ab-4007-b996-5dc254e16c6d"
"firoloida desmarestia","-111.2041667","27.2161111","idigbio",2007-07-29,"11da7308-87c6-4def-8380-a29b2df4d386"
"firoloida desmarestia","-111.015","27.7533333","idigbio",2007-07-02,"13c16009-17db-4a75-a2df-67445415780e"
"firoloida desmarestia","-112.1966667","28.8880556","idigbio",2007-07-31,"14bfdaa1-88a1-45f9-940d-93138d944eb3"
"firoloida desmarestia","-112.9844444","28.7475","idigbio",2007-07-26,"16cdd812-6868-416f-9151-63ec75a17edd"
"firoloida desmarestia","-101.15","15.9983","idigbio",1967-03-13,"1aed6756-454a-4035-afad-5817bb141fc5"
"firoloida desmarestia","-110.2905556","26.9736111","idigbio",2005-11-21,"24dc255a-4c60-4b5e-b6b6-dc5c611213b5"
"firoloida desmarestia","-111.8469444","26.9958333","idigbio",2007-07-29,"29309a18-d7b5-4519-9325-5175dbecb0e5"
"firoloida desmarestia","-109.2927778","25.4408333","idigbio",2005-11-19,"2bfd7b5d-63e8-4382-a084-810974fb68ac"
"firoloida desmarestia","-111.8469444","26.9958333","idigbio",2007-07-29,"308bb556-1a7a-4963-9d5b-9f1467b63c42"
"firoloida desmarestia","-79.885","27.4977","idigbio",2017-08-16,"35f14d32-7c97-49c0-92d2-7af7ac3dc72f"
"firoloida desmarestia","-113.4336111","29.0891667","idigbio",2007-07-24,"36bf31ac-8b48-48cb-bed3-5b900cf3e21f"
"firoloida desmarestia","-111.2041667","27.2161111","idigbio",2007-07-28,"382e5918-608d-4c65-a114-ed9d42d3295f"
"firoloida desmarestia","-111.7669444","28.2325","idigbio",2007-07-01,"38cccbd9-2a18-4172-9c25-c6b6e802d660"
"firoloida desmarestia","-118.97","-7.7","idigbio",1967-02-10,"3de590b7-1035-499c-bfb2-f64637c340d8"
"firoloida desmarestia","-112.025","5.5","idigbio",1967-03-15,"4296fb90-d7be-4fe7-81ef-0e3625d3d8b3"
"firoloida desmarestia","-111.2041667","27.2161111","idigbio",2007-07-29,"483167f8-88d6-44e2-9898-a18ac597c2c2"
"firoloida desmarestia","-118.85","6.0833","idigbio",1967-02-03,"48eed73f-93b0-4cc0-930c-74a3654dea8b"
"firoloida desmarestia","-110.9763889","25.9958333","idigbio",2007-01-27,"49aebf7a-26e5-47bd-9a58-4c18633dec2c"
"firoloida desmarestia","-158.3","21.3833333","idigbio",1981-05-30,"4b1379f3-2bd1-4b09-bf9c-642473f629b8"
"firoloida desmarestia","-114.0891667","31.1111111","idigbio",2007-07-20,"5314276f-ffeb-4cf4-8587-85f750557076"
"firoloida desmarestia","-79.9513","27.4645","idigbio",2017-06-23,"53f153b6-254b-414c-b75f-0b4050dff65d"
"firoloida desmarestia","-79.9532","27.4549","idigbio",2017-06-19,"5406f070-5a4d-43eb-9228-4fea46343925"
"firoloida desmarestia","-112.7594444","28.3016667","idigbio",2007-07-26,"5f626227-afa0-491c-8551-c0675293685a"
"firoloida desmarestia","-117.5371","32.7042","idigbio",2019-07-13,"6b3c5753-b82e-4ea2-b0a9-90e0bdaaecd4"
"firoloida desmarestia","-114.0669444","31.4222222","idigbio",2007-07-19,"6dd5360c-0bd9-4991-abd4-9027507a7abe"
"firoloida desmarestia","-111.6263889","28.0177778","idigbio",2007-07-30,"79438dde-37ba-4444-88c3-c3911ecbe6da"
"firoloida desmarestia","-79.885","27.4977","idigbio",2017-08-16,"7970eecf-83c6-4c7d-a6e4-ae67bbf196ff"
"firoloida desmarestia","-112.9486111","29.3647222","idigbio",2007-07-23,"7c7b5c8c-b9fd-4a86-a9bf-a783dd4db098"
"firoloida desmarestia","-79.8851","27.6531","idigbio",2002-05-01,"7e47ae7d-dd6c-4e3c-b57d-fc9b827cf999"
"firoloida desmarestia","-111.8469444","26.9958333","idigbio",2007-07-29,"844c4d9c-8cc3-4eac-baa6-5e22e39df9c2"
"firoloida desmarestia",NA,NA,"idigbio",1969-05-21,"8c892be5-9f64-4307-aaee-f465cf260f43"
"firoloida desmarestia","-110.6266667","26.4805556","idigbio",2007-01-22,"8d2ea757-2dc4-4127-aa0b-40df16eaa11c"
"firoloida desmarestia","-111.2425","26.1233333","idigbio",2005-11-20,"9a95669f-a2ee-426a-90e8-fdabf7a6b44a"
"firoloida desmarestia","-125.98","6.17","idigbio",1967-02-26,"a31d4196-577e-4907-962b-86823395b6dd"
"firoloida desmarestia","-109.213","24.31","idigbio",2015-02-23,"a5d518d1-0cbc-4cd7-ad7f-e0f996308b04"
"firoloida desmarestia","-111.8472222","26.9958333","idigbio",2005-11-22,"a6e3c761-4a16-488d-86f2-7b3255c10008"
"firoloida desmarestia","-111.3236111","27.8827778","idigbio",2007-07-01,"afab44ba-f9f1-42b0-8ef8-8ec69b3d7370"
"firoloida desmarestia","-79.9513","27.4645","idigbio",2017-06-23,"b078672e-4389-4e25-939b-0f781c2dbc4a"
"firoloida desmarestia",NA,NA,"idigbio",NA,"b389087f-7fa5-40f7-b696-cf98d6f3c60b"
"firoloida desmarestia","-111.9516667","27.8358333","idigbio",2005-11-23,"bab42aed-73a0-42e1-8e95-b6482bc113df"
"firoloida desmarestia","-79.885","27.4977","idigbio",2017-08-16,"bd14a7b5-7c8b-4b3a-8b8f-c603ef62a721"
"firoloida desmarestia","-112.3666944","27.6408333","idigbio",2007-07-27,"c01976d0-bfb5-41af-a21c-f8d59a6175ec"
"firoloida desmarestia","-110.1225","24.6791667","idigbio",2005-11-19,"c6e91374-0d7a-40eb-b946-a1bdcad898b0"
"firoloida desmarestia","-118.725","-2.37","idigbio",1967-08-17,"c8068bc0-649c-43cc-9dcf-774e5a88fa59"
"firoloida desmarestia","-86.6","1.35","idigbio",1967-03-21,"cf989d21-6310-4565-8a3b-7aa98b88a041"
"firoloida desmarestia","-92.0333","-12.3167","idigbio",1967-02-19,"d29ba422-2311-484b-babc-b39c5c71bea8"
"firoloida desmarestia","-111.2602778","26.4311111","idigbio",2007-01-26,"d5cff259-85b3-4b10-b915-674a0f3d1201"
"firoloida desmarestia","-111.2041667","27.2161111","idigbio",2007-07-29,"e1c43850-c007-4cef-812c-6afddfcbfc52"
"firoloida desmarestia","-111.8469444","26.9958333","idigbio",2007-07-29,"e447e66c-8ade-400a-bac6-fdded6343a2b"
"firoloida desmarestia","-105.433","7.2","idigbio",1967-05-11,"f6ece2c2-2111-4714-b85a-ea81b0776bb7"
"firoloida desmarestia","-79.9513","27.4645","idigbio",2017-06-23,"f7b0b52f-ec39-418e-98f3-e47420740db1"
"firoloida desmarestia","-79.9289","27.4797","idigbio",2002-04-22,"fdcc82a8-4d40-45fb-9562-42492681073e"
"cyclostrema minutum","25","35.17","idigbio",NA,"9aac440f-3e7c-4607-99d6-2b68aec23241"
"cyclostrema minutum","25","35.17","idigbio",NA,"b642a281-1fe9-4774-b381-6af72b71a458"
