"associatedReferences","basisOfRecord","bibliographicCitation","catalogNumber","collectionCode","coordinatePrecision","decimalLatitude","decimalLongitude","identifiedBy","institutionCode","locality","maximumDepthInMeters","minimumDepthInMeters","occurrenceRemarks","scientificName","scientificNameAuthorship","scientificNameID","verbatimDepth","waterBody","id","dataset_id","node_id","depth","dropped","absence","marine","brackish","superdomain","kingdom","phylum","class","subclass","order","superfamily","family","genus","species","superdomainid","kingdomid","phylumid","classid","subclassid","orderid","superfamilyid","familyid","genusid","speciesid","aphiaID","originalScientificName","flags","bathymetry","shoredistance","sst","sss","day","dynamicProperties","eventDate","individualCount","month","preparations","year","date_start","date_mid","date_end","date_year","occurrenceID","occurrenceStatus","ownerInstitutionCode","references","collectionID","coordinateUncertaintyInMeters","footprintWKT","typeStatus","continent","country","datasetID","fieldNumber","modified","specificEpithet","datasetName","lifeStage","locationID","otherCatalogNumbers","sex","recordedBy","stateProvince"
"Rosenberg, G., F. Moretzsohn, and E. F. Garca. 2009. Gastropoda (Mollusca) of the Gulf of Mexico, Pp. 579-699.Felder, D.L. and D.K. Camp (eds.), Gulf of Mexico-Origins, Waters, and Biota. Biodiversity. Texas A&M Press, College Station, Texas.","HumanObservation","Moretzsohn, F., J. Brenner, P. Michaud, J.W. Tunnell, and T. Shirley. 2009. Biodiversity of the Gulf of Mexico Database. Version 1. URL: http://gulfbase.org/","Spp-33-0574_G1","B89PII","260010.0",27.3733863831,-97.3691329956,"Rosenberg, G., F. Moretzsohn, and E. F. Garca","HRI","WNW  Gulf of Mexico",100,0,"Database description and disclaimer at: http://gulfbase.org/","Firoloida desmarestia","Lesueur,","urn:lsid:marinespecies.org:taxname:139943","0-100","Gulf of Mexico","02640991-09df-4ffd-ab29-c16def885ee7","d1001fdc-d4a2-4d01-bcd2-2e122f2ca537","310922b4-9d0c-4de1-92d7-9b442d34765b",50,FALSE,FALSE,TRUE,FALSE,"Biota","Animalia","Mollusca","Gastropoda","Caenogastropoda","Littorinimorpha","Pterotracheoidea","Pterotracheidae","Firoloida","Firoloida desmarestia",1,2,51,101,224570,382213,387338,225072,138008,139943,139943,"Firoloida desmarestia","DEPTH_EXCEEDS_BATH,ON_LAND",2,-4875,24.07,34.01,NA,NA,NA,NA,NA,NA,NA,NA,NA,NA,NA,NA,NA,NA,NA,NA,NA,NA,NA,NA,NA,NA,NA,NA,NA,NA,NA,NA,NA,NA,NA,NA
"National Museum of Natural History, Smithsonian Institution","PreservedSpecimen","Department of Invertebrate Zoology, Research and Collections Information System, NMNH, Smithsonian Institution. See: http://www.mnh.si.edu/rc/db/collection_db_policy1.html, 05-14-2010","709480.450467","Invertebrate Zoology: Mollusks",NA,6.16699981689,-125.983001709,NA,"USNM",NA,204,204,NA,"Firoloida desmarestia","Lesueur","urn:lsid:marinespecies.org:taxname:139943",NA,"North Pacific Ocean","0379d505-4c13-4c2e-9898-8e3f4eaafeed","89e23fc8-3f61-4480-9de3-358fe6eefe0b","310922b4-9d0c-4de1-92d7-9b442d34765b",204,FALSE,FALSE,TRUE,FALSE,NA,"Animalia","Mollusca","Gastropoda","Caenogastropoda","Littorinimorpha","Pterotracheoidea","Pterotracheidae","Firoloida","Firoloida desmarestia",NA,2,51,101,224570,382213,387338,225072,138008,139943,139943,"Firoloida desmarestia",NA,4283,1820539,27.41,34.56,"26","observedindividualcount=1;","1967-02-26T12:00:00Z","1.0","2","Alcohol (Ethanol)","1967",-8.9856e+10,-8.9856e+10,-8.9856e+10,1967,NA,NA,NA,NA,NA,NA,NA,NA,NA,NA,NA,NA,NA,NA,NA,NA,NA,NA,NA,NA,NA
NA,"HumanObservation",NA,"105475",NA,NA,-19.678333,63.420277,NA,"CMLRE","Rodrigues Island",NA,NA,NA,"Firoloida desmarestia",NA,"urn:lsid:marinespecies.org:taxname:139943",NA,NA,"09836f23-780a-4039-819b-ca2976e514c8","767e6320-6d7f-449e-ace5-d586c3c17c9c","1a3b0f1a-4474-4d73-9ee1-d28f92a83996",NA,FALSE,FALSE,TRUE,FALSE,NA,"Animalia","Mollusca","Gastropoda","Caenogastropoda","Littorinimorpha","Pterotracheoidea","Pterotracheidae","Firoloida","Firoloida desmarestia",NA,2,51,101,224570,382213,387338,225072,138008,139943,139943,"Firoloida desmaresti","NO_DEPTH",-3,184,25.72,34.98,NA,NA,"1817",NA,NA,NA,NA,-4828204800000,-4.81248e+12,-4796755200000,1817,"36546","present","NIO","This dataset was transferred from National Institute of Oceanography (NIO) by Dr. Mohideen Wafar",NA,NA,NA,NA,NA,NA,NA,NA,NA,NA,NA,NA,NA,NA,NA,NA,NA
"Rosenberg, G., F. Moretzsohn, and E. F. Garca. 2009. Gastropoda (Mollusca) of the Gulf of Mexico, Pp. 579-699.Felder, D.L. and D.K. Camp (eds.), Gulf of Mexico-Origins, Waters, and Biota. Biodiversity. Texas A&M Press, College Station, Texas.","HumanObservation","Moretzsohn, F., J. Brenner, P. Michaud, J.W. Tunnell, and T. Shirley. 2009. Biodiversity of the Gulf of Mexico Database. Version 1. URL: http://gulfbase.org/","Spp-33-0574_E1","B89PII","542540.0",18.211057663,-94.1317977905,"Rosenberg, G., F. Moretzsohn, and E. F. Garca","HRI","SSW  Gulf of Mexico",100,0,"Database description and disclaimer at: http://gulfbase.org/","Firoloida desmarestia","Lesueur,","urn:lsid:marinespecies.org:taxname:139943","0-100","Gulf of Mexico","0cc17664-f333-41a0-828e-09fe5cdaed8f","d1001fdc-d4a2-4d01-bcd2-2e122f2ca537","310922b4-9d0c-4de1-92d7-9b442d34765b",50,FALSE,FALSE,TRUE,FALSE,"Biota","Animalia","Mollusca","Gastropoda","Caenogastropoda","Littorinimorpha","Pterotracheoidea","Pterotracheidae","Firoloida","Firoloida desmarestia",1,2,51,101,224570,382213,387338,225072,138008,139943,139943,"Firoloida desmarestia","DEPTH_EXCEEDS_BATH,ON_LAND",-7,-240,26.97,34.87,NA,NA,NA,NA,NA,NA,NA,NA,NA,NA,NA,NA,NA,NA,NA,NA,NA,NA,NA,NA,NA,NA,NA,NA,NA,NA,NA,NA,NA,NA,NA,NA
"National Museum of Natural History, Smithsonian Institution","PreservedSpecimen","Department of Invertebrate Zoology, Research and Collections Information System, NMNH, Smithsonian Institution. See: http://www.mnh.si.edu/rc/db/collection_db_policy1.html, 05-14-2010","848010.513176","Invertebrate Zoology: Mollusks",NA,15.9983301163,-101.150001526,NA,"USNM",NA,NA,NA,NA,"Firoloida desmarestia","Lesueur","urn:lsid:marinespecies.org:taxname:139943",NA,"North Pacific Ocean","0d156cca-67bf-4e19-a58e-fe78ba7f7c68","89e23fc8-3f61-4480-9de3-358fe6eefe0b","310922b4-9d0c-4de1-92d7-9b442d34765b",NA,FALSE,FALSE,TRUE,FALSE,NA,"Animalia","Mollusca","Gastropoda","Caenogastropoda","Littorinimorpha","Pterotracheoidea","Pterotracheidae","Firoloida","Firoloida desmarestia",NA,2,51,101,224570,382213,387338,225072,138008,139943,139943,"Firoloida desmarestia","NO_DEPTH",3630,136382,29.1,33.65,NA,"observedindividualcount=1;",NA,"1.0",NA,"Formalin",NA,NA,NA,NA,NA,NA,NA,NA,NA,NA,NA,NA,NA,NA,NA,NA,NA,NA,NA,NA,NA,NA,NA,NA,NA,NA
"Sameer Sarfraj Terdalkar.2000.Studies on the role of physico-chemical factors on microfauna with special reference to zooplankton in Bay of Bengal and in and around Andaman Sea.PhD thesis,Goa University,India","HumanObservation",NA,NA,NA,NA,9.1103,83.7404,NA,"CMLRE",NA,NA,NA,NA,"Firoloida desmarestia",NA,"urn:lsid:marinespecies.org:taxname:139943",NA,"Bay of Bengal, Andaman Sea & Central Indian Ocean","0ebc7889-eeef-4ae0-8792-324dec0c178e","a4257cff-3c2c-4a60-ab29-91f65545bb08","1a3b0f1a-4474-4d73-9ee1-d28f92a83996",NA,FALSE,FALSE,TRUE,FALSE,"Biota","Animalia","Mollusca","Gastropoda","Caenogastropoda","Littorinimorpha","Pterotracheoidea","Pterotracheidae","Firoloida","Firoloida desmarestia",1,2,51,101,224570,382213,387338,225072,138008,139943,139943,"Firoloida desmaresti","NO_DEPTH",3722,270462,28.96,33.69,NA,NA,"1961/1965",NA,NA,NA,NA,-283996800000,-2.052e+11,-126316800000,1963,"95612","present",NA,NA,"IndOBIS Dataset","1429063","POLYGON ((74.09180 0.57128, 81.38672 -2.72358, 95.97656 12.12526, 87.36328 20.92040, 80.33203 14.26438, 74.09180 0.57128))",NA,NA,NA,NA,NA,NA,NA,NA,NA,NA,NA,NA,NA,NA
"Rosenberg, G., F. Moretzsohn, and E. F. Garca. 2009. Gastropoda (Mollusca) of the Gulf of Mexico, Pp. 579-699.Felder, D.L. and D.K. Camp (eds.), Gulf of Mexico-Origins, Waters, and Biota. Biodiversity. Texas A&M Press, College Station, Texas.","HumanObservation","Moretzsohn, F., J. Brenner, P. Michaud, J.W. Tunnell, and T. Shirley. 2009. Biodiversity of the Gulf of Mexico Database. Version 1. URL: http://gulfbase.org/","Spp-33-0574_H2","B89PII","277700.0",29.0193500519,-92.6140518188,"Rosenberg, G., F. Moretzsohn, and E. F. Garca","HRI","NNW  Gulf of Mexico",100,0,"Database description and disclaimer at: http://gulfbase.org/","Firoloida desmarestia","Lesueur,","urn:lsid:marinespecies.org:taxname:139943","0-100","Gulf of Mexico","106a8021-7d79-4189-ab8f-6535bc8a4893","d1001fdc-d4a2-4d01-bcd2-2e122f2ca537","310922b4-9d0c-4de1-92d7-9b442d34765b",50,FALSE,FALSE,TRUE,FALSE,"Biota","Animalia","Mollusca","Gastropoda","Caenogastropoda","Littorinimorpha","Pterotracheoidea","Pterotracheidae","Firoloida","Firoloida desmarestia",1,2,51,101,224570,382213,387338,225072,138008,139943,139943,"Firoloida desmarestia","DEPTH_EXCEEDS_BATH",25,61797,24.1,32.48,NA,NA,NA,NA,NA,NA,NA,NA,NA,NA,NA,NA,NA,NA,NA,NA,NA,NA,NA,NA,NA,NA,NA,NA,NA,NA,NA,NA,NA,NA,NA,NA
NA,"HumanObservation",NA,"105475","INDOBIS-DATASET1",NA,-19.6783332825,63.4202766418,NA,"NCL","Rodrigues Island",NA,NA,NA,"Firoloida desmarestia","Lesueur","urn:lsid:marinespecies.org:taxname:139943",NA,NA,"13dc807f-12ff-4cc8-b655-2a9ff083c4fd","d0d2a510-ba24-487b-80ca-afc86922cb1c","310922b4-9d0c-4de1-92d7-9b442d34765b",NA,FALSE,FALSE,TRUE,FALSE,"Biota","Animalia","Mollusca","Gastropoda","Caenogastropoda","Littorinimorpha","Pterotracheoidea","Pterotracheidae","Firoloida","Firoloida desmarestia",1,2,51,101,224570,382213,387338,225072,138008,139943,139943,"Firoloida desmaresti","NO_DEPTH",-3,184,25.72,34.98,NA,NA,"1817-07-02T12:00:00Z",NA,NA,NA,NA,-4.81248e+12,-4.81248e+12,-4.81248e+12,1817,NA,NA,NA,NA,NA,NA,NA,"Accepted",NA,NA,NA,NA,NA,NA,NA,NA,NA,NA,NA,NA,NA
NA,"Occurrence",NA,"Lebanon University_Zooplankton of Lebanon_11460","Zooplankton of Lebanon",NA,33.983333333,35.483333333,NA,"Lebanon University",NA,0,0,NA,"Firoloida desmarestia","Lesueur,","urn:lsid:marinespecies.org:taxname:139943",NA,NA,"1b8951c2-86f1-477f-9dc9-e30c9bf3baf6","7166db26-05a1-4ca7-832b-19af8260f32e","4bf79a01-65a9-4db6-b37b-18434f26ddfc",0,FALSE,FALSE,TRUE,FALSE,"Biota","Animalia","Mollusca","Gastropoda","Caenogastropoda","Littorinimorpha","Pterotracheoidea","Pterotracheidae","Firoloida","Firoloida desmarestia",1,2,51,101,224570,382213,387338,225072,138008,139943,139943,"Firoloida desmaresti",NA,766.4,8642,23.01,39.05,NA,NA,"1968-07/1972-10",NA,NA,NA,NA,-47433600000,20908800000,89337600000,1970,"urn:catalog:Lebanon University:Zooplankton of Lebanon:Lebanon University_Zooplankton of Lebanon_11460","present",NA,NA,NA,NA,NA,NA,"Mediterranean Sea","Lebanon","https://marineinfo.org/id/dataset/3474","C2","2013-03-29 12:21:17",NA,NA,NA,NA,NA,NA,NA,NA
NA,"Occurrence",NA,"Lebanon University_Zooplankton of Lebanon_11457","Zooplankton of Lebanon",NA,33.933333333,35.5,NA,"Lebanon University",NA,0,0,NA,"Firoloida desmarestia","Lesueur,","urn:lsid:marinespecies.org:taxname:139943",NA,NA,"1d6531aa-323b-47ca-8c48-579d032d0022","7166db26-05a1-4ca7-832b-19af8260f32e","4bf79a01-65a9-4db6-b37b-18434f26ddfc",0,FALSE,FALSE,TRUE,FALSE,"Biota","Animalia","Mollusca","Gastropoda","Caenogastropoda","Littorinimorpha","Pterotracheoidea","Pterotracheidae","Firoloida","Firoloida desmarestia",1,2,51,101,224570,382213,387338,225072,138008,139943,139943,"Firoloida desmaresti",NA,191,2879,23.02,39.06,NA,NA,"1970-07/1972-10",NA,NA,NA,NA,15638400000,52444800000,89337600000,1971,"urn:catalog:Lebanon University:Zooplankton of Lebanon:Lebanon University_Zooplankton of Lebanon_11457","present",NA,NA,NA,NA,NA,NA,"Mediterranean Sea","Lebanon","https://marineinfo.org/id/dataset/3474","H2","2013-03-29 12:21:17",NA,NA,NA,NA,NA,NA,NA,NA
"National Museum of Natural History, Smithsonian Institution","PreservedSpecimen","Department of Invertebrate Zoology, Research and Collections Information System, NMNH, Smithsonian Institution. See: http://www.mnh.si.edu/rc/db/collection_db_policy1.html, 05-14-2010","848009.513174","Invertebrate Zoology: Mollusks",NA,-1.85000002384,-92.0500030518,NA,"USNM",NA,NA,NA,NA,"Firoloida desmarestia","Lesueur","urn:lsid:marinespecies.org:taxname:139943",NA,"South Pacific Ocean","2186bfe4-99f3-42c6-bc26-ada284aabac6","89e23fc8-3f61-4480-9de3-358fe6eefe0b","310922b4-9d0c-4de1-92d7-9b442d34765b",NA,FALSE,FALSE,TRUE,FALSE,NA,"Animalia","Mollusca","Gastropoda","Caenogastropoda","Littorinimorpha","Pterotracheoidea","Pterotracheidae","Firoloida","Firoloida desmarestia",NA,2,51,101,224570,382213,387338,225072,138008,139943,139943,"Firoloida desmarestia","NO_DEPTH",3299,116219,23.21,34.55,NA,"observedindividualcount=1;",NA,"1.0",NA,"Formalin",NA,NA,NA,NA,NA,NA,NA,NA,NA,NA,NA,NA,NA,NA,NA,NA,NA,NA,NA,NA,NA,NA,NA,NA,NA,NA
NA,"Occurrence",NA,"Lebanon University_Zooplankton of Lebanon_11453","Zooplankton of Lebanon",NA,33.95,35.466666667,NA,"Lebanon University",NA,0,0,NA,"Firoloida desmarestia","Lesueur,","urn:lsid:marinespecies.org:taxname:139943",NA,NA,"224add0e-e337-4db3-9841-708715f1c901","7166db26-05a1-4ca7-832b-19af8260f32e","4bf79a01-65a9-4db6-b37b-18434f26ddfc",0,FALSE,FALSE,TRUE,FALSE,"Biota","Animalia","Mollusca","Gastropoda","Caenogastropoda","Littorinimorpha","Pterotracheoidea","Pterotracheidae","Firoloida","Firoloida desmarestia",1,2,51,101,224570,382213,387338,225072,138008,139943,139943,"Firoloida desmaresti",NA,535.4,5323,23.01,39.05,NA,NA,"1965-07/1967-10",NA,NA,NA,NA,-1.42128e+11,-105321600000,-68515200000,1966,"urn:catalog:Lebanon University:Zooplankton of Lebanon:Lebanon University_Zooplankton of Lebanon_11453","present",NA,NA,NA,NA,NA,NA,"Mediterranean Sea","Lebanon","https://marineinfo.org/id/dataset/3474","A1","2013-03-29 12:21:17",NA,NA,NA,NA,NA,NA,NA,NA
NA,"PreservedSpecimen",NA,"333026","Malakologie - SMF",NA,35.842,22.3318333333,"A. W. Janssen","SMF",NA,4764,4764,NA,"Firoloida desmarestia",NA,"urn:lsid:marinespecies.org:taxname:139943",NA,NA,"25cba54d-1656-441f-8df1-caa597ca5f0d","97bdf279-6f78-4ed7-ad9d-27a5886f8ff2","4bf79a01-65a9-4db6-b37b-18434f26ddfc",4764,FALSE,FALSE,TRUE,FALSE,NA,"Animalia","Mollusca","Gastropoda","Caenogastropoda","Littorinimorpha","Pterotracheoidea","Pterotracheidae","Firoloida","Firoloida desmarestia",NA,2,51,101,224570,382213,387338,225072,138008,139943,139943,"Firoloida demarestia",NA,4789.6,61920,20.85,38.18,NA,NA,NA,NA,NA,NA,NA,NA,NA,NA,NA,"urn:catalog:SMF:Malakologie - SMF:333026:0x850E350101000100","present",NA,"http://sesam.senckenberg.de/page/index.asp?objekt_id=273953&sprache_kurz=en",NA,NA,NA,NA,NA,"Mediterranean Region","https://marineinfo.org/id/dataset/961",NA,"2009-03-19 11:49:00","demarestia",NA,NA,NA,NA,NA,NA,NA
NA,"PreservedSpecimen",NA,"KREPS.193","urn:catalog:RBINS:mol",NA,43.03715,9.81834,"Kreps Jean Paul","RBINS-Scientific Heritage","Capraia",200,200,NA,"Firoloida desmarestia","Lesueur, 1817","urn:lsid:marinespecies.org:taxname:139943",NA,NA,"25eea20e-365f-4728-b710-ab5d5ad790dc","f68aab55-9261-49fa-8bf9-e6fe6fa7661b","4bf79a01-65a9-4db6-b37b-18434f26ddfc",200,FALSE,FALSE,TRUE,FALSE,"Biota","Animalia","Mollusca","Gastropoda","Caenogastropoda","Littorinimorpha","Pterotracheoidea","Pterotracheidae","Firoloida","Firoloida desmarestia",1,2,51,101,224570,382213,387338,225072,138008,139943,139943,"Firoloida desmarestia Lesueur, 1817","DEPTH_EXCEEDS_BATH,ON_LAND",-181,-1394,19,38.03,NA,NA,"1800-01-01/2006-10-16",NA,NA,"container type: minigrip; preservation method: dry",NA,-5364662400000,-2101852800000,1160956800000,1903,"http://collections.naturalsciences.be/specimen/547084","present",NA,NA,NA,"999999.0",NA,"specimen","Ligurian Sea","Italy","be_rbins_invertebrates_mollusca","30736","2012-04-23 09:59:04","desmarestia","Royal Belgian Institute of Natural Sciences Mollusca collection","unknown","http://www.geonames.org/3180648","urn:catalog:RBINS:IG:30736","unknown",NA,NA
"National Museum of Natural History, Smithsonian Institution","PreservedSpecimen","Department of Invertebrate Zoology, Research and Collections Information System, NMNH, Smithsonian Institution. See: http://www.mnh.si.edu/rc/db/collection_db_policy1.html, 05-14-2010","709493.450480","Invertebrate Zoology: Mollusks",NA,-7.69999980927,-118.967002869,NA,"USNM",NA,201,201,NA,"Firoloida desmarestia","Lesueur","urn:lsid:marinespecies.org:taxname:139943",NA,"South Pacific Ocean","26e0e5cd-0d5e-4ef6-9dcd-6cad45ac3837","89e23fc8-3f61-4480-9de3-358fe6eefe0b","310922b4-9d0c-4de1-92d7-9b442d34765b",201,FALSE,FALSE,TRUE,FALSE,NA,"Animalia","Mollusca","Gastropoda","Caenogastropoda","Littorinimorpha","Pterotracheoidea","Pterotracheidae","Firoloida","Firoloida desmarestia",NA,2,51,101,224570,382213,387338,225072,138008,139943,139943,"Firoloida desmarestia",NA,4352,1985755,26.07,35.26,"10","observedindividualcount=1;","1967-02-10T12:00:00Z","1.0","2","Formalin","1967",-91238400000,-91238400000,-91238400000,1967,NA,NA,NA,NA,NA,NA,NA,NA,NA,NA,NA,NA,NA,NA,NA,NA,NA,NA,NA,NA,NA
"National Museum of Natural History, Smithsonian Institution","PreservedSpecimen","Department of Invertebrate Zoology, Research and Collections Information System, NMNH, Smithsonian Institution. See: http://www.mnh.si.edu/rc/db/collection_db_policy1.html, 05-14-2010","848003.513168","Invertebrate Zoology: Mollusks",NA,-12.3170003891,-92.0329971313,NA,"USNM",NA,NA,NA,NA,"Firoloida desmarestia","Lesueur","urn:lsid:marinespecies.org:taxname:139943",NA,"South Pacific Ocean","382c7056-734f-4263-ab10-2a3616b660c8","89e23fc8-3f61-4480-9de3-358fe6eefe0b","310922b4-9d0c-4de1-92d7-9b442d34765b",NA,FALSE,FALSE,TRUE,FALSE,NA,"Animalia","Mollusca","Gastropoda","Caenogastropoda","Littorinimorpha","Pterotracheoidea","Pterotracheidae","Firoloida","Firoloida desmarestia",NA,2,51,101,224570,382213,387338,225072,138008,139943,139943,"Firoloida desmarestia","NO_DEPTH",3930,1230732,22.97,35.52,NA,"observedindividualcount=1;",NA,"1.0",NA,"Formalin",NA,NA,NA,NA,NA,NA,NA,NA,NA,NA,NA,NA,NA,NA,NA,NA,NA,NA,NA,NA,NA,NA,NA,NA,NA,NA
NA,"Occurrence",NA,"Lebanon University_Zooplankton of Lebanon_11477","Zooplankton of Lebanon",NA,34.2,35.5,NA,"Lebanon University",NA,0,0,NA,"Firoloida desmarestia","Lesueur,","urn:lsid:marinespecies.org:taxname:139943",NA,NA,"3cef018d-6a4c-41d2-ae22-0d308191a3c3","7166db26-05a1-4ca7-832b-19af8260f32e","4bf79a01-65a9-4db6-b37b-18434f26ddfc",0,FALSE,FALSE,TRUE,FALSE,"Biota","Animalia","Mollusca","Gastropoda","Caenogastropoda","Littorinimorpha","Pterotracheoidea","Pterotracheidae","Firoloida","Firoloida desmarestia",1,2,51,101,224570,382213,387338,225072,138008,139943,139943,"Firoloida desmaresti",NA,1353,12127,22.98,39.08,NA,NA,"1973-06/1982-12",NA,NA,NA,NA,107740800000,258940800000,410140800000,1978,"urn:catalog:Lebanon University:Zooplankton of Lebanon:Lebanon University_Zooplankton of Lebanon_11477","present",NA,NA,NA,NA,NA,NA,"Mediterranean Sea","Lebanon","https://marineinfo.org/id/dataset/3474","By1","2013-03-29 12:21:17",NA,NA,NA,NA,NA,NA,NA,NA
NA,"Occurrence",NA,"Lebanon University_Zooplankton of Lebanon_11459","Zooplankton of Lebanon",NA,33.983333333,35.483333333,NA,"Lebanon University",NA,0,0,NA,"Firoloida desmarestia","Lesueur,","urn:lsid:marinespecies.org:taxname:139943",NA,NA,"3d19d994-3552-4e46-a569-bc0bf00cda0c","7166db26-05a1-4ca7-832b-19af8260f32e","4bf79a01-65a9-4db6-b37b-18434f26ddfc",0,FALSE,FALSE,TRUE,FALSE,"Biota","Animalia","Mollusca","Gastropoda","Caenogastropoda","Littorinimorpha","Pterotracheoidea","Pterotracheidae","Firoloida","Firoloida desmarestia",1,2,51,101,224570,382213,387338,225072,138008,139943,139943,"Firoloida desmaresti",NA,766.4,8642,23.01,39.05,NA,NA,"1968-07/1972-10",NA,NA,NA,NA,-47433600000,20908800000,89337600000,1970,"urn:catalog:Lebanon University:Zooplankton of Lebanon:Lebanon University_Zooplankton of Lebanon_11459","present",NA,NA,NA,NA,NA,NA,"Mediterranean Sea","Lebanon","https://marineinfo.org/id/dataset/3474","C1","2013-03-29 12:21:17",NA,NA,NA,NA,NA,NA,NA,NA
NA,"Occurrence",NA,"Lebanon University_Zooplankton of Lebanon_11479","Zooplankton of Lebanon",NA,34.2,35.433333333,NA,"Lebanon University",NA,200,0,NA,"Firoloida desmarestia","Lesueur,","urn:lsid:marinespecies.org:taxname:139943",NA,NA,"3dd8bbf0-22d0-43d7-869d-e534400bcbee","7166db26-05a1-4ca7-832b-19af8260f32e","4bf79a01-65a9-4db6-b37b-18434f26ddfc",100,FALSE,FALSE,TRUE,FALSE,"Biota","Animalia","Mollusca","Gastropoda","Caenogastropoda","Littorinimorpha","Pterotracheoidea","Pterotracheidae","Firoloida","Firoloida desmarestia",1,2,51,101,224570,382213,387338,225072,138008,139943,139943,"Firoloida desmaresti",NA,1771,18247,22.95,39.08,NA,NA,"1973-06/1982-12",NA,NA,NA,NA,107740800000,258940800000,410140800000,1978,"urn:catalog:Lebanon University:Zooplankton of Lebanon:Lebanon University_Zooplankton of Lebanon_11479","present",NA,NA,NA,NA,NA,NA,"Mediterranean Sea","Lebanon","https://marineinfo.org/id/dataset/3474","By3","2013-03-29 12:21:17",NA,NA,NA,NA,NA,NA,NA,NA
NA,"Occurrence",NA,"Lebanon University_Zooplankton of Lebanon_11478","Zooplankton of Lebanon",NA,34.2,35.433333333,NA,"Lebanon University",NA,0,0,NA,"Firoloida desmarestia","Lesueur,","urn:lsid:marinespecies.org:taxname:139943",NA,NA,"49a92d3d-8da2-4dcc-8e75-15006828cd4b","7166db26-05a1-4ca7-832b-19af8260f32e","4bf79a01-65a9-4db6-b37b-18434f26ddfc",0,FALSE,FALSE,TRUE,FALSE,"Biota","Animalia","Mollusca","Gastropoda","Caenogastropoda","Littorinimorpha","Pterotracheoidea","Pterotracheidae","Firoloida","Firoloida desmarestia",1,2,51,101,224570,382213,387338,225072,138008,139943,139943,"Firoloida desmaresti",NA,1771,18247,22.95,39.08,NA,NA,"1973-06/1982-12",NA,NA,NA,NA,107740800000,258940800000,410140800000,1978,"urn:catalog:Lebanon University:Zooplankton of Lebanon:Lebanon University_Zooplankton of Lebanon_11478","present",NA,NA,NA,NA,NA,NA,"Mediterranean Sea","Lebanon","https://marineinfo.org/id/dataset/3474","By2","2013-03-29 12:21:17",NA,NA,NA,NA,NA,NA,NA,NA
"National Museum of Natural History, Smithsonian Institution","PreservedSpecimen","Department of Invertebrate Zoology, Research and Collections Information System, NMNH, Smithsonian Institution. See: http://www.mnh.si.edu/rc/db/collection_db_policy1.html, 05-14-2010","181473.380242","Invertebrate Zoology: Mollusks",NA,35.1669998169,25,NA,"USNM","Crete",219,128,NA,"Firoloida desmarestia","Jeffreys","urn:lsid:marinespecies.org:taxname:740816",NA,"North Atlantic Ocean","49bb4ed2-8700-4e80-b040-d42061be6adc","89e23fc8-3f61-4480-9de3-358fe6eefe0b","310922b4-9d0c-4de1-92d7-9b442d34765b",173.5,FALSE,FALSE,TRUE,FALSE,NA,"Animalia","Mollusca","Gastropoda","Caenogastropoda","Littorinimorpha","Pterotracheoidea","Pterotracheidae","Firoloida","Firoloida desmarestia",NA,2,51,101,224570,382213,387338,225072,138008,139943,139943,"Cyclostrema minutum","DEPTH_EXCEEDS_BATH,ON_LAND",-603,-20015,NA,NA,NA,"observedindividualcount=16;",NA,"16.0",NA,"Dry",NA,NA,NA,NA,NA,NA,NA,NA,NA,NA,NA,NA,"Syntype",NA,"Greece",NA,NA,NA,NA,NA,NA,NA,NA,NA,NA,NA
NA,"Occurrence",NA,"Lebanon University_Zooplankton of Lebanon_11472","Zooplankton of Lebanon",NA,34.1,35.5,NA,"Lebanon University",NA,0,0,NA,"Firoloida desmarestia","Lesueur,","urn:lsid:marinespecies.org:taxname:139943",NA,NA,"4efa04e3-0c95-470e-9179-003b2e4524c9","7166db26-05a1-4ca7-832b-19af8260f32e","4bf79a01-65a9-4db6-b37b-18434f26ddfc",0,FALSE,FALSE,TRUE,FALSE,"Biota","Animalia","Mollusca","Gastropoda","Caenogastropoda","Littorinimorpha","Pterotracheoidea","Pterotracheidae","Firoloida","Firoloida desmarestia",1,2,51,101,224570,382213,387338,225072,138008,139943,139943,"Firoloida desmaresti",NA,1256,12685,22.99,39.07,NA,NA,"1973-06/1990-12",NA,NA,NA,NA,107740800000,385171200000,662601600000,1982,"urn:catalog:Lebanon University:Zooplankton of Lebanon:Lebanon University_Zooplankton of Lebanon_11472","present",NA,NA,NA,NA,NA,NA,"Mediterranean Sea","Lebanon","https://marineinfo.org/id/dataset/3474","T2","2013-03-29 12:21:17",NA,NA,NA,NA,NA,NA,NA,NA
"Rosenberg, G., F. Moretzsohn, and E. F. Garca. 2009. Gastropoda (Mollusca) of the Gulf of Mexico, Pp. 579-699.Felder, D.L. and D.K. Camp (eds.), Gulf of Mexico-Origins, Waters, and Biota. Biodiversity. Texas A&M Press, College Station, Texas.","HumanObservation","Moretzsohn, F., J. Brenner, P. Michaud, J.W. Tunnell, and T. Shirley. 2009. Biodiversity of the Gulf of Mexico Database. Version 1. URL: http://gulfbase.org/","Spp-33-0574_F2","B89PII","306250.0",22.3360748291,-97.6327133179,"Rosenberg, G., F. Moretzsohn, and E. F. Garca","HRI","WSW  Gulf of Mexico",100,0,"Database description and disclaimer at: http://gulfbase.org/","Firoloida desmarestia","Lesueur,","urn:lsid:marinespecies.org:taxname:139943","0-100","Gulf of Mexico","533e6b4c-3e80-4616-873a-eb3a4c48cf21","d1001fdc-d4a2-4d01-bcd2-2e122f2ca537","310922b4-9d0c-4de1-92d7-9b442d34765b",50,FALSE,FALSE,TRUE,FALSE,"Biota","Animalia","Mollusca","Gastropoda","Caenogastropoda","Littorinimorpha","Pterotracheoidea","Pterotracheidae","Firoloida","Firoloida desmarestia",1,2,51,101,224570,382213,387338,225072,138008,139943,139943,"Firoloida desmarestia","DEPTH_EXCEEDS_BATH",42,16357,25.92,35.68,NA,NA,NA,NA,NA,NA,NA,NA,NA,NA,NA,NA,NA,NA,NA,NA,NA,NA,NA,NA,NA,NA,NA,NA,NA,NA,NA,NA,NA,NA,NA,NA
NA,"HumanObservation",NA,"105475",NA,NA,-4.582778,55.666668,NA,"CMLRE","Seychelles Islands",NA,NA,NA,"Firoloida desmarestia",NA,"urn:lsid:marinespecies.org:taxname:139943",NA,NA,"5364e890-6d0e-4772-af27-96c05d68a883","767e6320-6d7f-449e-ace5-d586c3c17c9c","1a3b0f1a-4474-4d73-9ee1-d28f92a83996",NA,FALSE,FALSE,TRUE,FALSE,NA,"Animalia","Mollusca","Gastropoda","Caenogastropoda","Littorinimorpha","Pterotracheoidea","Pterotracheidae","Firoloida","Firoloida desmarestia",NA,2,51,101,224570,382213,387338,225072,138008,139943,139943,"Firoloida desmaresti","NO_DEPTH",42,10641,28.08,35.24,NA,NA,"1817",NA,NA,NA,NA,-4828204800000,-4.81248e+12,-4796755200000,1817,"36545","present","NIO","This dataset was transferred from National Institute of Oceanography (NIO) by Dr. Mohideen Wafar",NA,NA,NA,NA,NA,NA,NA,NA,NA,NA,NA,NA,NA,NA,NA,NA,NA
"National Museum of Natural History, Smithsonian Institution","PreservedSpecimen","Department of Invertebrate Zoology, Research and Collections Information System, NMNH, Smithsonian Institution. See: http://www.mnh.si.edu/rc/db/collection_db_policy1.html, 05-14-2010","181474.380243","Invertebrate Zoology: Mollusks",NA,35.1669998169,25,NA,"USNM","Crete",219,128,NA,"Firoloida desmarestia","Jeffreys","urn:lsid:marinespecies.org:taxname:740816",NA,"North Atlantic Ocean","53eede9e-69af-4f53-b008-bae74a61a816","89e23fc8-3f61-4480-9de3-358fe6eefe0b","310922b4-9d0c-4de1-92d7-9b442d34765b",173.5,FALSE,FALSE,TRUE,FALSE,NA,"Animalia","Mollusca","Gastropoda","Caenogastropoda","Littorinimorpha","Pterotracheoidea","Pterotracheidae","Firoloida","Firoloida desmarestia",NA,2,51,101,224570,382213,387338,225072,138008,139943,139943,"Cyclostrema minutum","DEPTH_EXCEEDS_BATH,ON_LAND",-603,-20015,NA,NA,NA,"observedindividualcount=25;",NA,"25.0",NA,"Dry",NA,NA,NA,NA,NA,NA,NA,NA,NA,NA,NA,NA,"Syntype",NA,"Greece",NA,NA,NA,NA,NA,NA,NA,NA,NA,NA,NA
"Rosenberg, G., F. Moretzsohn, and E. F. Garca. 2009. Gastropoda (Mollusca) of the Gulf of Mexico, Pp. 579-699.Felder, D.L. and D.K. Camp (eds.), Gulf of Mexico-Origins, Waters, and Biota. Biodiversity. Texas A&M Press, College Station, Texas.","HumanObservation","Moretzsohn, F., J. Brenner, P. Michaud, J.W. Tunnell, and T. Shirley. 2009. Biodiversity of the Gulf of Mexico Database. Version 1. URL: http://gulfbase.org/","Spp-33-0574_B2","B89PII","313160.0",27.3017368317,-83.2079162598,"Rosenberg, G., F. Moretzsohn, and E. F. Garca","HRI","ENE Gulf of Mexico",100,0,"Database description and disclaimer at: http://gulfbase.org/","Firoloida desmarestia","Lesueur,","urn:lsid:marinespecies.org:taxname:139943","0-100","Gulf of Mexico","5a43ed31-b0e9-4328-a42d-cafd7eed0ea6","d1001fdc-d4a2-4d01-bcd2-2e122f2ca537","310922b4-9d0c-4de1-92d7-9b442d34765b",50,FALSE,FALSE,TRUE,FALSE,"Biota","Animalia","Mollusca","Gastropoda","Caenogastropoda","Littorinimorpha","Pterotracheoidea","Pterotracheidae","Firoloida","Firoloida desmarestia",1,2,51,101,224570,382213,387338,225072,138008,139943,139943,"Firoloida desmarestia","DEPTH_EXCEEDS_BATH",34,52419,24.91,35.99,NA,NA,NA,NA,NA,NA,NA,NA,NA,NA,NA,NA,NA,NA,NA,NA,NA,NA,NA,NA,NA,NA,NA,NA,NA,NA,NA,NA,NA,NA,NA,NA
NA,"Occurrence",NA,"Lebanon University_Zooplankton of Lebanon_11470","Zooplankton of Lebanon",NA,34.1,35.433333333,NA,"Lebanon University",NA,200,0,NA,"Firoloida desmarestia","Lesueur,","urn:lsid:marinespecies.org:taxname:139943",NA,NA,"5a76dea7-7daf-4218-bcfb-282f00321b5c","7166db26-05a1-4ca7-832b-19af8260f32e","4bf79a01-65a9-4db6-b37b-18434f26ddfc",100,FALSE,FALSE,TRUE,FALSE,"Biota","Animalia","Mollusca","Gastropoda","Caenogastropoda","Littorinimorpha","Pterotracheoidea","Pterotracheidae","Firoloida","Firoloida desmarestia",1,2,51,101,224570,382213,387338,225072,138008,139943,139943,"Firoloida desmaresti",NA,1666,18492,22.97,39.07,NA,NA,"1973-06/1990-12",NA,NA,NA,NA,107740800000,385171200000,662601600000,1982,"urn:catalog:Lebanon University:Zooplankton of Lebanon:Lebanon University_Zooplankton of Lebanon_11470","present",NA,NA,NA,NA,NA,NA,"Mediterranean Sea","Lebanon","https://marineinfo.org/id/dataset/3474","J3","2013-03-29 12:21:17",NA,NA,NA,NA,NA,NA,NA,NA
"Rosenberg, G., F. Moretzsohn, and E. F. Garca. 2009. Gastropoda (Mollusca) of the Gulf of Mexico, Pp. 579-699.Felder, D.L. and D.K. Camp (eds.), Gulf of Mexico-Origins, Waters, and Biota. Biodiversity. Texas A&M Press, College Station, Texas.","HumanObservation","Moretzsohn, F., J. Brenner, P. Michaud, J.W. Tunnell, and T. Shirley. 2009. Biodiversity of the Gulf of Mexico Database. Version 1. URL: http://gulfbase.org/","Spp-33-0574_G2","B89PII","280860.0",27.280796051,-97.0777359009,"Rosenberg, G., F. Moretzsohn, and E. F. Garca","HRI","WNW  Gulf of Mexico",100,0,"Database description and disclaimer at: http://gulfbase.org/","Firoloida desmarestia","Lesueur,","urn:lsid:marinespecies.org:taxname:139943","0-100","Gulf of Mexico","5acfc38e-57b1-4463-ae3c-d632062839d3","d1001fdc-d4a2-4d01-bcd2-2e122f2ca537","310922b4-9d0c-4de1-92d7-9b442d34765b",50,FALSE,FALSE,TRUE,FALSE,"Biota","Animalia","Mollusca","Gastropoda","Caenogastropoda","Littorinimorpha","Pterotracheoidea","Pterotracheidae","Firoloida","Firoloida desmarestia",1,2,51,101,224570,382213,387338,225072,138008,139943,139943,"Firoloida desmarestia","DEPTH_EXCEEDS_BATH",29,25679,24.26,34.18,NA,NA,NA,NA,NA,NA,NA,NA,NA,NA,NA,NA,NA,NA,NA,NA,NA,NA,NA,NA,NA,NA,NA,NA,NA,NA,NA,NA,NA,NA,NA,NA
NA,"Occurrence",NA,"Lebanon University_Zooplankton of Lebanon_11473","Zooplankton of Lebanon",NA,34.1,35.583333333,NA,"Lebanon University",NA,200,0,NA,"Firoloida desmarestia","Lesueur,","urn:lsid:marinespecies.org:taxname:139943",NA,NA,"5ef966ae-bf07-4cfd-bd96-c08056780a44","7166db26-05a1-4ca7-832b-19af8260f32e","4bf79a01-65a9-4db6-b37b-18434f26ddfc",100,FALSE,FALSE,TRUE,FALSE,"Biota","Animalia","Mollusca","Gastropoda","Caenogastropoda","Littorinimorpha","Pterotracheoidea","Pterotracheidae","Firoloida","Firoloida desmarestia",1,2,51,101,224570,382213,387338,225072,138008,139943,139943,"Firoloida desmaresti",NA,426.4,5775,22.99,39.07,NA,NA,"1973-06/1990-12",NA,NA,NA,NA,107740800000,385171200000,662601600000,1982,"urn:catalog:Lebanon University:Zooplankton of Lebanon:Lebanon University_Zooplankton of Lebanon_11473","present",NA,NA,NA,NA,NA,NA,"Mediterranean Sea","Lebanon","https://marineinfo.org/id/dataset/3474","T3","2013-03-29 12:21:17",NA,NA,NA,NA,NA,NA,NA,NA
"Rosenberg, G., F. Moretzsohn, and E. F. Garca. 2009. Gastropoda (Mollusca) of the Gulf of Mexico, Pp. 579-699.Felder, D.L. and D.K. Camp (eds.), Gulf of Mexico-Origins, Waters, and Biota. Biodiversity. Texas A&M Press, College Station, Texas.","HumanObservation","Moretzsohn, F., J. Brenner, P. Michaud, J.W. Tunnell, and T. Shirley. 2009. Biodiversity of the Gulf of Mexico Database. Version 1. URL: http://gulfbase.org/","Spp-33-0574_H3","B89PII","207680.0",28.1369018555,-92.0450134277,"Rosenberg, G., F. Moretzsohn, and E. F. Garca","HRI","NNW  Gulf of Mexico",100,0,"Database description and disclaimer at: http://gulfbase.org/","Firoloida desmarestia","Lesueur,","urn:lsid:marinespecies.org:taxname:139943","0-100","Gulf of Mexico","5febbb26-051d-49d4-8a38-2300bde497f5","d1001fdc-d4a2-4d01-bcd2-2e122f2ca537","310922b4-9d0c-4de1-92d7-9b442d34765b",50,FALSE,FALSE,TRUE,FALSE,"Biota","Animalia","Mollusca","Gastropoda","Caenogastropoda","Littorinimorpha","Pterotracheoidea","Pterotracheidae","Firoloida","Firoloida desmarestia",1,2,51,101,224570,382213,387338,225072,138008,139943,139943,"Firoloida desmarestia",NA,80,144519,25.36,35.51,NA,NA,NA,NA,NA,NA,NA,NA,NA,NA,NA,NA,NA,NA,NA,NA,NA,NA,NA,NA,NA,NA,NA,NA,NA,NA,NA,NA,NA,NA,NA,NA
"Rosenberg, G., F. Moretzsohn, and E. F. Garca. 2009. Gastropoda (Mollusca) of the Gulf of Mexico, Pp. 579-699.Felder, D.L. and D.K. Camp (eds.), Gulf of Mexico-Origins, Waters, and Biota. Biodiversity. Texas A&M Press, College Station, Texas.","HumanObservation","Moretzsohn, F., J. Brenner, P. Michaud, J.W. Tunnell, and T. Shirley. 2009. Biodiversity of the Gulf of Mexico Database. Version 1. URL: http://gulfbase.org/","Spp-33-0574_C3","B89PII","248810.0",23.0265483856,-82.8923110962,"Rosenberg, G., F. Moretzsohn, and E. F. Garca","HRI","ESE  Gulf of Mexico",100,0,"Database description and disclaimer at: http://gulfbase.org/","Firoloida desmarestia","Lesueur,","urn:lsid:marinespecies.org:taxname:139943","0-100","Gulf of Mexico","649e8bba-d8b4-4cbf-a25e-3f460558cfb2","d1001fdc-d4a2-4d01-bcd2-2e122f2ca537","310922b4-9d0c-4de1-92d7-9b442d34765b",50,FALSE,FALSE,TRUE,FALSE,"Biota","Animalia","Mollusca","Gastropoda","Caenogastropoda","Littorinimorpha","Pterotracheoidea","Pterotracheidae","Firoloida","Firoloida desmarestia",1,2,51,101,224570,382213,387338,225072,138008,139943,139943,"Firoloida desmarestia",NA,109,644,27.69,35.98,NA,NA,NA,NA,NA,NA,NA,NA,NA,NA,NA,NA,NA,NA,NA,NA,NA,NA,NA,NA,NA,NA,NA,NA,NA,NA,NA,NA,NA,NA,NA,NA
NA,"Occurrence",NA,"Lebanon University_Zooplankton of Lebanon_11483","Zooplankton of Lebanon",NA,34.05,35.533333333,NA,"Lebanon University",NA,0,0,NA,"Firoloida desmarestia","Lesueur,","urn:lsid:marinespecies.org:taxname:139943",NA,NA,"6728f4dc-ac45-4c5e-95fa-826e5f41619c","7166db26-05a1-4ca7-832b-19af8260f32e","4bf79a01-65a9-4db6-b37b-18434f26ddfc",0,FALSE,FALSE,TRUE,FALSE,"Biota","Animalia","Mollusca","Gastropoda","Caenogastropoda","Littorinimorpha","Pterotracheoidea","Pterotracheidae","Firoloida","Firoloida desmarestia",1,2,51,101,224570,382213,387338,225072,138008,139943,139943,"Firoloida desmaresti",NA,865,8532,23,39.06,NA,NA,"2000-04/2007-06",NA,NA,NA,NA,954547200000,1068854400000,1183161600000,2003,"urn:catalog:Lebanon University:Zooplankton of Lebanon:Lebanon University_Zooplankton of Lebanon_11483","present",NA,NA,NA,NA,NA,NA,"Mediterranean Sea","Lebanon","https://marineinfo.org/id/dataset/3474","Tr1","2013-03-29 12:21:17",NA,NA,NA,NA,NA,NA,NA,NA
NA,"Occurrence",NA,"Lebanon University_Zooplankton of Lebanon_11468","Zooplankton of Lebanon",NA,34.1,35.5,NA,"Lebanon University",NA,0,0,NA,"Firoloida desmarestia","Lesueur,","urn:lsid:marinespecies.org:taxname:139943",NA,NA,"69b734dd-c622-4f85-b2a7-020f72eda71e","7166db26-05a1-4ca7-832b-19af8260f32e","4bf79a01-65a9-4db6-b37b-18434f26ddfc",0,FALSE,FALSE,TRUE,FALSE,"Biota","Animalia","Mollusca","Gastropoda","Caenogastropoda","Littorinimorpha","Pterotracheoidea","Pterotracheidae","Firoloida","Firoloida desmarestia",1,2,51,101,224570,382213,387338,225072,138008,139943,139943,"Firoloida desmaresti",NA,1256,12685,22.99,39.07,NA,NA,"1973-06/1990-12",NA,NA,NA,NA,107740800000,385171200000,662601600000,1982,"urn:catalog:Lebanon University:Zooplankton of Lebanon:Lebanon University_Zooplankton of Lebanon_11468","present",NA,NA,NA,NA,NA,NA,"Mediterranean Sea","Lebanon","https://marineinfo.org/id/dataset/3474","J1","2013-03-29 12:21:17",NA,NA,NA,NA,NA,NA,NA,NA
"National Museum of Natural History, Smithsonian Institution","PreservedSpecimen","Department of Invertebrate Zoology, Research and Collections Information System, NMNH, Smithsonian Institution. See: http://www.mnh.si.edu/rc/db/collection_db_policy1.html, 05-14-2010","1017975.804424","Invertebrate Zoology",NA,27.479719162,-79.9288864136,"Strong, Ellen","USNM","Fort Pierce",NA,NA,NA,"Firoloida desmarestia","Lesueur","urn:lsid:marinespecies.org:taxname:139943",NA,"North Atlantic Ocean","6d3ed1d9-0c65-43e0-b5bc-0cd8b837157c","89e23fc8-3f61-4480-9de3-358fe6eefe0b","310922b4-9d0c-4de1-92d7-9b442d34765b",NA,FALSE,FALSE,TRUE,FALSE,NA,"Animalia","Mollusca","Gastropoda","Caenogastropoda","Littorinimorpha","Pterotracheoidea","Pterotracheidae","Firoloida","Firoloida desmarestia",NA,2,51,101,224570,382213,387338,225072,138008,139943,139943,"Firoloida desmarestia","NO_DEPTH",136,33738,26.53,36.07,"22","observedindividualcount=1;","2002-04-22T12:00:00Z","1.0","4","Alcohol (Ethanol)","2002",1019433600000,1019433600000,1019433600000,2002,NA,NA,NA,NA,NA,NA,NA,NA,NA,"United States",NA,NA,NA,NA,NA,NA,NA,NA,NA,"H. Reichert","Florida"
NA,"Occurrence","Magaldi, N.H., 1985. Moluscos holoplanctonicos del Atlantico sudoccidental. 6. Incorporacion del g√©nero Cardiapoda d'Orbigny, 1836 a la fauna Argentina (Heteropoda: Carinariidae). Comunicaciones de la Sociedad Malacologica del Uruguay, 6(46), 175-181.","CNP-MARINEINVER-726","CNP-MARINEINVER",NA,-34.349998,-55.939999,NA,"CENPAT-CONICET","Costa uruguaya",NA,NA,NA,"Firoloida desmarestia","Lesueur, 1817",NA,NA,NA,"6f8a165d-9a97-4bb4-9b34-791391055356","b1f8bc4c-5427-40c8-8728-aad4d463b944","464a96d8-c17e-4bbb-b6b8-778e1fb687c4",NA,FALSE,FALSE,TRUE,FALSE,NA,"Animalia","Mollusca","Gastropoda","Caenogastropoda","Littorinimorpha","Pterotracheoidea","Pterotracheidae","Firoloida","Firoloida desmarestia",NA,2,51,101,224570,382213,387338,225072,138008,139943,139943,"Firoloida desmarestia","NO_DEPTH,ON_LAND",-41,-111366,NA,NA,NA,NA,NA,NA,NA,NA,NA,NA,NA,NA,NA,"urn:catalog:CENPAT-CONICET:CNP-MARINEINVER:CNP-MARINEINVER-726",NA,NA,NA,NA,"235454","POLYGON ((-58.400002 -33.75, -53.48 -33.75, -53.48 -34.950001, -58.400002 -34.950001, -58.400002 -33.75))",NA,NA,"Uruguay",NA,NA,"2015-09-01T09:17:00",NA,NA,NA,NA,NA,NA,NA,NA
NA,"Occurrence",NA,"Lebanon University_Zooplankton of Lebanon_11462","Zooplankton of Lebanon",NA,34,35.5,NA,"Lebanon University",NA,0,0,NA,"Firoloida desmarestia","Lesueur,","urn:lsid:marinespecies.org:taxname:139943",NA,NA,"73412c6c-acff-4ece-b900-96e19e06c4da","7166db26-05a1-4ca7-832b-19af8260f32e","4bf79a01-65a9-4db6-b37b-18434f26ddfc",0,FALSE,FALSE,TRUE,FALSE,"Biota","Animalia","Mollusca","Gastropoda","Caenogastropoda","Littorinimorpha","Pterotracheoidea","Pterotracheidae","Firoloida","Firoloida desmarestia",1,2,51,101,224570,382213,387338,225072,138008,139943,139943,"Firoloida desmaresti",NA,786.4,9746,23.02,39.06,NA,NA,"1972-06/1982-12",NA,NA,NA,NA,76204800000,243129600000,410140800000,1977,"urn:catalog:Lebanon University:Zooplankton of Lebanon:Lebanon University_Zooplankton of Lebanon_11462","present",NA,NA,NA,NA,NA,NA,"Mediterranean Sea","Lebanon","https://marineinfo.org/id/dataset/3474","G1","2013-03-29 12:21:17",NA,NA,NA,NA,NA,NA,NA,NA
"Rosenberg, G., F. Moretzsohn, and E. F. Garca. 2009. Gastropoda (Mollusca) of the Gulf of Mexico, Pp. 579-699.Felder, D.L. and D.K. Camp (eds.), Gulf of Mexico-Origins, Waters, and Biota. Biodiversity. Texas A&M Press, College Station, Texas.","HumanObservation","Moretzsohn, F., J. Brenner, P. Michaud, J.W. Tunnell, and T. Shirley. 2009. Biodiversity of the Gulf of Mexico Database. Version 1. URL: http://gulfbase.org/","Spp-33-0574_D2","B89PII","212960.0",22.3022727966,-88.3442077637,"Rosenberg, G., F. Moretzsohn, and E. F. Garca","HRI","SSE  Gulf of Mexico",100,0,"Database description and disclaimer at: http://gulfbase.org/","Firoloida desmarestia","Lesueur,","urn:lsid:marinespecies.org:taxname:139943","0-100","Gulf of Mexico","7c189c7a-a8fe-409e-b72f-f4078a51d40e","d1001fdc-d4a2-4d01-bcd2-2e122f2ca537","310922b4-9d0c-4de1-92d7-9b442d34765b",50,FALSE,FALSE,TRUE,FALSE,"Biota","Animalia","Mollusca","Gastropoda","Caenogastropoda","Littorinimorpha","Pterotracheoidea","Pterotracheidae","Firoloida","Firoloida desmarestia",1,2,51,101,224570,382213,387338,225072,138008,139943,139943,"Firoloida desmarestia","DEPTH_EXCEEDS_BATH",43,78222,26.46,36.29,NA,NA,NA,NA,NA,NA,NA,NA,NA,NA,NA,NA,NA,NA,NA,NA,NA,NA,NA,NA,NA,NA,NA,NA,NA,NA,NA,NA,NA,NA,NA,NA
"National Museum of Natural History, Smithsonian Institution","PreservedSpecimen","Department of Invertebrate Zoology, Research and Collections Information System, NMNH, Smithsonian Institution. See: http://www.mnh.si.edu/rc/db/collection_db_policy1.html, 05-14-2010","848002.513167","Invertebrate Zoology: Mollusks",NA,6.19999980927,-112.016998291,NA,"USNM",NA,202,202,NA,"Firoloida desmarestia","Lesueur","urn:lsid:marinespecies.org:taxname:139943",NA,"North Pacific Ocean","7f7e2ae1-75bc-49b6-9938-fab4e02eb391","89e23fc8-3f61-4480-9de3-358fe6eefe0b","310922b4-9d0c-4de1-92d7-9b442d34765b",202,FALSE,FALSE,TRUE,FALSE,NA,"Animalia","Mollusca","Gastropoda","Caenogastropoda","Littorinimorpha","Pterotracheoidea","Pterotracheidae","Firoloida","Firoloida desmarestia",NA,2,51,101,224570,382213,387338,225072,138008,139943,139943,"Firoloida desmarestia",NA,4125,549064,27.61,33.94,"16","observedindividualcount=4;","1967-05-16T12:00:00Z","4.0","5","Formalin","1967",-83030400000,-83030400000,-83030400000,1967,NA,NA,NA,NA,NA,NA,NA,NA,NA,NA,NA,NA,NA,NA,NA,NA,NA,NA,NA,NA,NA
NA,"PreservedSpecimen",NA,"332863","Malakologie - SMF",NA,40.028,17.2735,"A. W. Janssen","SMF",NA,1529,1529,NA,"Firoloida desmarestia",NA,"urn:lsid:marinespecies.org:taxname:139943",NA,NA,"8201925a-e27c-4554-b0d8-7524d6413b61","97bdf279-6f78-4ed7-ad9d-27a5886f8ff2","4bf79a01-65a9-4db6-b37b-18434f26ddfc",1529,FALSE,FALSE,TRUE,FALSE,NA,"Animalia","Mollusca","Gastropoda","Caenogastropoda","Littorinimorpha","Pterotracheoidea","Pterotracheidae","Firoloida","Firoloida desmarestia",NA,2,51,101,224570,382213,387338,225072,138008,139943,139943,"Firoloida demarestia",NA,1525.4,35325,19.61,38.62,NA,NA,NA,NA,NA,NA,NA,NA,NA,NA,NA,"urn:catalog:SMF:Malakologie - SMF:332863:0xB7F3030001000200","present",NA,"http://sesam.senckenberg.de/page/index.asp?objekt_id=273565&sprache_kurz=en",NA,NA,NA,NA,NA,"Mediterranean Region","https://marineinfo.org/id/dataset/961",NA,"2009-03-18 12:11:00","demarestia",NA,NA,NA,NA,NA,NA,NA
NA,"HumanObservation",NA,"105475",NA,NA,-4.582778,55.666668,NA,"CMLRE","Seychelles Islands",NA,NA,NA,"Firoloida desmarestia",NA,"urn:lsid:marinespecies.org:taxname:139943",NA,NA,"83ef05c0-7a57-4831-9e1b-6b0a07f3c1c7","c46f24d7-4dc7-48e1-922a-fc34b66e9ccc","1a3b0f1a-4474-4d73-9ee1-d28f92a83996",NA,FALSE,FALSE,TRUE,FALSE,NA,"Animalia","Mollusca","Gastropoda","Caenogastropoda","Littorinimorpha","Pterotracheoidea","Pterotracheidae","Firoloida","Firoloida desmarestia",NA,2,51,101,224570,382213,387338,225072,138008,139943,139943,"Firoloida desmaresti","NO_DEPTH",42,10641,28.08,35.24,NA,NA,"1817",NA,NA,NA,NA,-4828204800000,-4.81248e+12,-4796755200000,1817,"34545","present","NIO","This dataset was transferred from National Institute of Oceanography (NIO) by Dr. Mohideen Wafar",NA,NA,NA,NA,NA,NA,NA,NA,NA,NA,NA,NA,NA,NA,NA,NA,NA
NA,"HumanObservation",NA,"105475","INDOBIS-DATASET1",NA,-20.3833332062,44.2166671753,NA,"NCL","Madagascar Island",NA,NA,NA,"Firoloida desmarestia","Lesueur","urn:lsid:marinespecies.org:taxname:139943",NA,NA,"8540d142-6218-4c93-b606-c6320d306808","d0d2a510-ba24-487b-80ca-afc86922cb1c","310922b4-9d0c-4de1-92d7-9b442d34765b",NA,FALSE,FALSE,TRUE,FALSE,"Biota","Animalia","Mollusca","Gastropoda","Caenogastropoda","Littorinimorpha","Pterotracheoidea","Pterotracheidae","Firoloida","Firoloida desmarestia",1,2,51,101,224570,382213,387338,225072,138008,139943,139943,"Firoloida desmaresti","NO_DEPTH",76,1037,27.3,33.55,NA,NA,"1817-07-02T12:00:00Z",NA,NA,NA,NA,-4.81248e+12,-4.81248e+12,-4.81248e+12,1817,NA,NA,NA,NA,NA,NA,NA,"Accepted",NA,NA,NA,NA,NA,NA,NA,NA,NA,NA,NA,NA,NA
NA,"Occurrence",NA,"Lebanon University_Zooplankton of Lebanon_11454","Zooplankton of Lebanon",NA,33.966666667,35.466666667,NA,"Lebanon University",NA,0,0,NA,"Firoloida desmarestia","Lesueur,","urn:lsid:marinespecies.org:taxname:139943",NA,NA,"86c0fadc-2338-4ed2-9271-10bdd75a2f26","7166db26-05a1-4ca7-832b-19af8260f32e","4bf79a01-65a9-4db6-b37b-18434f26ddfc",0,FALSE,FALSE,TRUE,FALSE,"Biota","Animalia","Mollusca","Gastropoda","Caenogastropoda","Littorinimorpha","Pterotracheoidea","Pterotracheidae","Firoloida","Firoloida desmarestia",1,2,51,101,224570,382213,387338,225072,138008,139943,139943,"Firoloida desmaresti",NA,738,7128,23.01,39.05,NA,NA,"1965-07/1967-10",NA,NA,NA,NA,-1.42128e+11,-105321600000,-68515200000,1966,"urn:catalog:Lebanon University:Zooplankton of Lebanon:Lebanon University_Zooplankton of Lebanon_11454","present",NA,NA,NA,NA,NA,NA,"Mediterranean Sea","Lebanon","https://marineinfo.org/id/dataset/3474","A2","2013-03-29 12:21:17",NA,NA,NA,NA,NA,NA,NA,NA
"Rosenberg, G., F. Moretzsohn, and E. F. Garca. 2009. Gastropoda (Mollusca) of the Gulf of Mexico, Pp. 579-699.Felder, D.L. and D.K. Camp (eds.), Gulf of Mexico-Origins, Waters, and Biota. Biodiversity. Texas A&M Press, College Station, Texas.","HumanObservation","Moretzsohn, F., J. Brenner, P. Michaud, J.W. Tunnell, and T. Shirley. 2009. Biodiversity of the Gulf of Mexico Database. Version 1. URL: http://gulfbase.org/","Spp-33-0574_E3","B89PII","618090.0",18.6886692047,-93.8438949585,"Rosenberg, G., F. Moretzsohn, and E. F. Garca","HRI","SSW  Gulf of Mexico",100,0,"Database description and disclaimer at: http://gulfbase.org/","Firoloida desmarestia","Lesueur,","urn:lsid:marinespecies.org:taxname:139943","0-100","Gulf of Mexico","891be1ac-5e8c-4302-bacd-8e82fb464e1d","d1001fdc-d4a2-4d01-bcd2-2e122f2ca537","310922b4-9d0c-4de1-92d7-9b442d34765b",50,FALSE,FALSE,TRUE,FALSE,"Biota","Animalia","Mollusca","Gastropoda","Caenogastropoda","Littorinimorpha","Pterotracheoidea","Pterotracheidae","Firoloida","Firoloida desmarestia",1,2,51,101,224570,382213,387338,225072,138008,139943,139943,"Firoloida desmarestia",NA,114,40178,27.03,35.09,NA,NA,NA,NA,NA,NA,NA,NA,NA,NA,NA,NA,NA,NA,NA,NA,NA,NA,NA,NA,NA,NA,NA,NA,NA,NA,NA,NA,NA,NA,NA,NA
NA,"LivingSpecimen",NA,NA,"BCO-DMO",NA,14.2821702957,-54.3660011292,NA,NA,NA,1000,0,"instrument: Moc10; tow: 7; net: 4","Firoloida desmarestia",NA,"urn:lsid:marinespecies.org:taxname:139943",NA,NA,"8a071fa1-78f2-47d5-a9de-10332e7148de","56e55f76-6dda-403d-805b-f8922fa1766d","310922b4-9d0c-4de1-92d7-9b442d34765b",500,FALSE,FALSE,TRUE,FALSE,NA,"Animalia","Mollusca","Gastropoda","Caenogastropoda","Littorinimorpha","Pterotracheoidea","Pterotracheidae","Firoloida","Firoloida desmarestia",NA,2,51,101,224570,382213,387338,225072,138008,139943,139943,"Firoloida demarestia",NA,5336,560287,27.54,34.93,NA,NA,NA,NA,NA,NA,NA,NA,NA,NA,NA,NA,NA,NA,NA,NA,NA,NA,NA,NA,NA,NA,"RHB0603_2006_5",NA,NA,NA,NA,NA,NA,NA,"RHB0603",NA
NA,"HumanObservation",NA,"105475",NA,NA,-20.383333,44.216667,NA,"CMLRE","Madagascar Island",NA,NA,NA,"Firoloida desmarestia",NA,"urn:lsid:marinespecies.org:taxname:139943",NA,NA,"8c7a1760-4c98-4bee-bb20-29cf3d54de1b","c46f24d7-4dc7-48e1-922a-fc34b66e9ccc","1a3b0f1a-4474-4d73-9ee1-d28f92a83996",NA,FALSE,FALSE,TRUE,FALSE,NA,"Animalia","Mollusca","Gastropoda","Caenogastropoda","Littorinimorpha","Pterotracheoidea","Pterotracheidae","Firoloida","Firoloida desmarestia",NA,2,51,101,224570,382213,387338,225072,138008,139943,139943,"Firoloida desmaresti","NO_DEPTH",76,1037,27.3,33.55,NA,NA,"1817",NA,NA,NA,NA,-4828204800000,-4.81248e+12,-4796755200000,1817,"34544","present","NIO","This dataset was transferred from National Institute of Oceanography (NIO) by Dr. Mohideen Wafar",NA,NA,NA,NA,NA,NA,NA,NA,NA,NA,NA,NA,NA,NA,NA,NA,NA
"Rosenberg, G., F. Moretzsohn, and E. F. Garca. 2009. Gastropoda (Mollusca) of the Gulf of Mexico, Pp. 579-699.Felder, D.L. and D.K. Camp (eds.), Gulf of Mexico-Origins, Waters, and Biota. Biodiversity. Texas A&M Press, College Station, Texas.","HumanObservation","Moretzsohn, F., J. Brenner, P. Michaud, J.W. Tunnell, and T. Shirley. 2009. Biodiversity of the Gulf of Mexico Database. Version 1. URL: http://gulfbase.org/","Spp-33-0574_A1","B89PII","359550.0",30.4191112518,-86.5596389771,"Rosenberg, G., F. Moretzsohn, and E. F. Garca","HRI","NNE Gulf of Mexico",100,0,"Database description and disclaimer at: http://gulfbase.org/","Firoloida desmarestia","Lesueur,","urn:lsid:marinespecies.org:taxname:139943","0-100","Gulf of Mexico","8c995fdd-9cf8-41d0-be33-fa70b7e97dda","d1001fdc-d4a2-4d01-bcd2-2e122f2ca537","310922b4-9d0c-4de1-92d7-9b442d34765b",50,FALSE,FALSE,TRUE,FALSE,"Biota","Animalia","Mollusca","Gastropoda","Caenogastropoda","Littorinimorpha","Pterotracheoidea","Pterotracheidae","Firoloida","Firoloida desmarestia",1,2,51,101,224570,382213,387338,225072,138008,139943,139943,"Firoloida desmarestia","DEPTH_EXCEEDS_BATH",8,1209,23.66,33.45,NA,NA,NA,NA,NA,NA,NA,NA,NA,NA,NA,NA,NA,NA,NA,NA,NA,NA,NA,NA,NA,NA,NA,NA,NA,NA,NA,NA,NA,NA,NA,NA
"National Museum of Natural History, Smithsonian Institution","PreservedSpecimen","Department of Invertebrate Zoology, Research and Collections Information System, NMNH, Smithsonian Institution. See: http://www.mnh.si.edu/rc/db/collection_db_policy1.html, 05-14-2010","848014.513180","Invertebrate Zoology: Mollusks",NA,0.391669988632,-119.025001526,NA,"USNM",NA,201,201,NA,"Firoloida desmarestia","Lesueur","urn:lsid:marinespecies.org:taxname:139943",NA,NA,"8cf9a16b-6cd5-48b7-ae3b-f2c371d97213","89e23fc8-3f61-4480-9de3-358fe6eefe0b","310922b4-9d0c-4de1-92d7-9b442d34765b",201,FALSE,FALSE,TRUE,FALSE,NA,"Animalia","Mollusca","Gastropoda","Caenogastropoda","Littorinimorpha","Pterotracheoidea","Pterotracheidae","Firoloida","Firoloida desmarestia",NA,2,51,101,224570,382213,387338,225072,138008,139943,139943,"Firoloida desmarestia",NA,4084,1544835,24.68,34.87,"17","observedindividualcount=1;","1967-08-17T12:00:00Z","1.0","8","Formalin","1967",-74995200000,-74995200000,-74995200000,1967,NA,NA,NA,NA,NA,NA,NA,NA,NA,NA,NA,NA,NA,NA,NA,NA,NA,NA,NA,NA,NA
NA,"Occurrence",NA,"Lebanon University_Zooplankton of Lebanon_11466","Zooplankton of Lebanon",NA,34.1,35.5,NA,"Lebanon University",NA,0,0,NA,"Firoloida desmarestia","Lesueur,","urn:lsid:marinespecies.org:taxname:139943",NA,NA,"8fceb1fb-fb5d-4445-ad2d-b0f4a29bd176","7166db26-05a1-4ca7-832b-19af8260f32e","4bf79a01-65a9-4db6-b37b-18434f26ddfc",0,FALSE,FALSE,TRUE,FALSE,"Biota","Animalia","Mollusca","Gastropoda","Caenogastropoda","Littorinimorpha","Pterotracheoidea","Pterotracheidae","Firoloida","Firoloida desmarestia",1,2,51,101,224570,382213,387338,225072,138008,139943,139943,"Firoloida desmaresti",NA,1256,12685,22.99,39.07,NA,NA,"1973-06/1990-12",NA,NA,NA,NA,107740800000,385171200000,662601600000,1982,"urn:catalog:Lebanon University:Zooplankton of Lebanon:Lebanon University_Zooplankton of Lebanon_11466","present",NA,NA,NA,NA,NA,NA,"Mediterranean Sea","Lebanon","https://marineinfo.org/id/dataset/3474","K2","2013-03-29 12:21:17",NA,NA,NA,NA,NA,NA,NA,NA
NA,"Occurrence",NA,"Lebanon University_Zooplankton of Lebanon_11463","Zooplankton of Lebanon",NA,34.1,35.5,NA,"Lebanon University",NA,0,0,NA,"Firoloida desmarestia","Lesueur,","urn:lsid:marinespecies.org:taxname:139943",NA,NA,"952c1c52-f534-4473-8600-a7a785e6d257","7166db26-05a1-4ca7-832b-19af8260f32e","4bf79a01-65a9-4db6-b37b-18434f26ddfc",0,FALSE,FALSE,TRUE,FALSE,"Biota","Animalia","Mollusca","Gastropoda","Caenogastropoda","Littorinimorpha","Pterotracheoidea","Pterotracheidae","Firoloida","Firoloida desmarestia",1,2,51,101,224570,382213,387338,225072,138008,139943,139943,"Firoloida desmaresti",NA,1256,12685,22.99,39.07,NA,NA,"1972-06/1982-12",NA,NA,NA,NA,76204800000,243129600000,410140800000,1977,"urn:catalog:Lebanon University:Zooplankton of Lebanon:Lebanon University_Zooplankton of Lebanon_11463","present",NA,NA,NA,NA,NA,NA,"Mediterranean Sea","Lebanon","https://marineinfo.org/id/dataset/3474","G2","2013-03-29 12:21:17",NA,NA,NA,NA,NA,NA,NA,NA
"Rosenberg, G., F. Moretzsohn, and E. F. Garca. 2009. Gastropoda (Mollusca) of the Gulf of Mexico, Pp. 579-699.Felder, D.L. and D.K. Camp (eds.), Gulf of Mexico-Origins, Waters, and Biota. Biodiversity. Texas A&M Press, College Station, Texas.","HumanObservation","Moretzsohn, F., J. Brenner, P. Michaud, J.W. Tunnell, and T. Shirley. 2009. Biodiversity of the Gulf of Mexico Database. Version 1. URL: http://gulfbase.org/","Spp-33-0574_E2","B89PII","612870.0",18.3952617645,-94.021156311,"Rosenberg, G., F. Moretzsohn, and E. F. Garca","HRI","SSW  Gulf of Mexico",100,0,"Database description and disclaimer at: http://gulfbase.org/","Firoloida desmarestia","Lesueur,","urn:lsid:marinespecies.org:taxname:139943","0-100","Gulf of Mexico","98716cbb-9318-4bd5-8631-e2a83cb17fc5","d1001fdc-d4a2-4d01-bcd2-2e122f2ca537","310922b4-9d0c-4de1-92d7-9b442d34765b",50,FALSE,FALSE,TRUE,FALSE,"Biota","Animalia","Mollusca","Gastropoda","Caenogastropoda","Littorinimorpha","Pterotracheoidea","Pterotracheidae","Firoloida","Firoloida desmarestia",1,2,51,101,224570,382213,387338,225072,138008,139943,139943,"Firoloida desmarestia",NA,76,15565,26.98,35.02,NA,NA,NA,NA,NA,NA,NA,NA,NA,NA,NA,NA,NA,NA,NA,NA,NA,NA,NA,NA,NA,NA,NA,NA,NA,NA,NA,NA,NA,NA,NA,NA
"Rosenberg, G., F. Moretzsohn, and E. F. Garca. 2009. Gastropoda (Mollusca) of the Gulf of Mexico, Pp. 579-699.Felder, D.L. and D.K. Camp (eds.), Gulf of Mexico-Origins, Waters, and Biota. Biodiversity. Texas A&M Press, College Station, Texas.","HumanObservation","Moretzsohn, F., J. Brenner, P. Michaud, J.W. Tunnell, and T. Shirley. 2009. Biodiversity of the Gulf of Mexico Database. Version 1. URL: http://gulfbase.org/","Spp-33-0574_F1","B89PII","305390.0",22.279958725,-97.7937316895,"Rosenberg, G., F. Moretzsohn, and E. F. Garca","HRI","WSW  Gulf of Mexico",100,0,"Database description and disclaimer at: http://gulfbase.org/","Firoloida desmarestia","Lesueur,","urn:lsid:marinespecies.org:taxname:139943","0-100","Gulf of Mexico","99a22305-bb94-4aca-aa95-415ec539ffdc","d1001fdc-d4a2-4d01-bcd2-2e122f2ca537","310922b4-9d0c-4de1-92d7-9b442d34765b",50,FALSE,FALSE,TRUE,FALSE,"Biota","Animalia","Mollusca","Gastropoda","Caenogastropoda","Littorinimorpha","Pterotracheoidea","Pterotracheidae","Firoloida","Firoloida desmarestia",1,2,51,101,224570,382213,387338,225072,138008,139943,139943,"Firoloida desmarestia","DEPTH_EXCEEDS_BATH",-2,175,25.87,35.47,NA,NA,NA,NA,NA,NA,NA,NA,NA,NA,NA,NA,NA,NA,NA,NA,NA,NA,NA,NA,NA,NA,NA,NA,NA,NA,NA,NA,NA,NA,NA,NA
NA,"Occurrence",NA,"Lebanon University_Zooplankton of Lebanon_11471","Zooplankton of Lebanon",NA,34,35.5,NA,"Lebanon University",NA,0,0,NA,"Firoloida desmarestia","Lesueur,","urn:lsid:marinespecies.org:taxname:139943",NA,NA,"9d7041f7-45d7-4e0d-a997-2db34dbf9de3","7166db26-05a1-4ca7-832b-19af8260f32e","4bf79a01-65a9-4db6-b37b-18434f26ddfc",0,FALSE,FALSE,TRUE,FALSE,"Biota","Animalia","Mollusca","Gastropoda","Caenogastropoda","Littorinimorpha","Pterotracheoidea","Pterotracheidae","Firoloida","Firoloida desmarestia",1,2,51,101,224570,382213,387338,225072,138008,139943,139943,"Firoloida desmaresti",NA,786.4,9746,23.02,39.06,NA,NA,"1973-06/1990-12",NA,NA,NA,NA,107740800000,385171200000,662601600000,1982,"urn:catalog:Lebanon University:Zooplankton of Lebanon:Lebanon University_Zooplankton of Lebanon_11471","present",NA,NA,NA,NA,NA,NA,"Mediterranean Sea","Lebanon","https://marineinfo.org/id/dataset/3474","T1","2013-03-29 12:21:17",NA,NA,NA,NA,NA,NA,NA,NA
"National Museum of Natural History, Smithsonian Institution","PreservedSpecimen","Department of Invertebrate Zoology, Research and Collections Information System, NMNH, Smithsonian Institution. See: http://www.mnh.si.edu/rc/db/collection_db_policy1.html, 05-14-2010","709486.450473","Invertebrate Zoology: Mollusks",NA,6.08300018311,-118.849998474,NA,"USNM",NA,180,180,NA,"Firoloida desmarestia","Lesueur","urn:lsid:marinespecies.org:taxname:139943",NA,"North Pacific Ocean","9f3f4c90-21a5-44d1-8b87-b27ad526ee61","89e23fc8-3f61-4480-9de3-358fe6eefe0b","310922b4-9d0c-4de1-92d7-9b442d34765b",180,FALSE,FALSE,TRUE,FALSE,NA,"Animalia","Mollusca","Gastropoda","Caenogastropoda","Littorinimorpha","Pterotracheoidea","Pterotracheidae","Firoloida","Firoloida desmarestia",NA,2,51,101,224570,382213,387338,225072,138008,139943,139943,"Firoloida desmarestia",NA,4130,1157565,27.46,34.39,"4","observedindividualcount=2;","1967-02-04T12:00:00Z","2.0","2","Formalin","1967",-91756800000,-91756800000,-91756800000,1967,NA,NA,NA,NA,NA,NA,NA,NA,NA,NA,NA,NA,NA,NA,NA,NA,NA,NA,NA,NA,NA
"National Museum of Natural History, Smithsonian Institution","PreservedSpecimen","Department of Invertebrate Zoology, Research and Collections Information System, NMNH, Smithsonian Institution. See: http://www.mnh.si.edu/rc/db/collection_db_policy1.html, 05-14-2010","848004.513169","Invertebrate Zoology: Mollusks",NA,5.5,-112.025001526,NA,"USNM",NA,NA,NA,NA,"Firoloida desmarestia","Lesueur","urn:lsid:marinespecies.org:taxname:139943",NA,"North Pacific Ocean","a1305f5c-50a8-4276-b728-c511d84d0f3f","89e23fc8-3f61-4480-9de3-358fe6eefe0b","310922b4-9d0c-4de1-92d7-9b442d34765b",NA,FALSE,FALSE,TRUE,FALSE,NA,"Animalia","Mollusca","Gastropoda","Caenogastropoda","Littorinimorpha","Pterotracheoidea","Pterotracheidae","Firoloida","Firoloida desmarestia",NA,2,51,101,224570,382213,387338,225072,138008,139943,139943,"Firoloida desmarestia","NO_DEPTH",4106,615621,27.42,34.11,NA,"observedindividualcount=6;",NA,"6.0",NA,"Formalin",NA,NA,NA,NA,NA,NA,NA,NA,NA,NA,NA,NA,NA,NA,NA,NA,NA,NA,NA,NA,NA,NA,NA,NA,NA,NA
"Rosenberg, G., F. Moretzsohn, and E. F. Garca. 2009. Gastropoda (Mollusca) of the Gulf of Mexico, Pp. 579-699.Felder, D.L. and D.K. Camp (eds.), Gulf of Mexico-Origins, Waters, and Biota. Biodiversity. Texas A&M Press, College Station, Texas.","HumanObservation","Moretzsohn, F., J. Brenner, P. Michaud, J.W. Tunnell, and T. Shirley. 2009. Biodiversity of the Gulf of Mexico Database. Version 1. URL: http://gulfbase.org/","Spp-33-0574_A3","B89PII","335290.0",29.9289264679,-86.8768081665,"Rosenberg, G., F. Moretzsohn, and E. F. Garca","HRI","NNE Gulf of Mexico",100,0,"Database description and disclaimer at: http://gulfbase.org/","Firoloida desmarestia","Lesueur,","urn:lsid:marinespecies.org:taxname:139943","0-100","Gulf of Mexico","aca27598-e3e1-4965-b523-b6a404099e1a","d1001fdc-d4a2-4d01-bcd2-2e122f2ca537","310922b4-9d0c-4de1-92d7-9b442d34765b",50,FALSE,FALSE,TRUE,FALSE,"Biota","Animalia","Mollusca","Gastropoda","Caenogastropoda","Littorinimorpha","Pterotracheoidea","Pterotracheidae","Firoloida","Firoloida desmarestia",1,2,51,101,224570,382213,387338,225072,138008,139943,139943,"Firoloida desmarestia",NA,148,48974,24.4,33.04,NA,NA,NA,NA,NA,NA,NA,NA,NA,NA,NA,NA,NA,NA,NA,NA,NA,NA,NA,NA,NA,NA,NA,NA,NA,NA,NA,NA,NA,NA,NA,NA
NA,"HumanObservation",NA,"105475",NA,NA,-20.383333,44.216667,NA,"CMLRE","Madagascar Island",NA,NA,NA,"Firoloida desmarestia",NA,"urn:lsid:marinespecies.org:taxname:139943",NA,NA,"aead635a-f96e-40ed-89a1-630744ed351d","767e6320-6d7f-449e-ace5-d586c3c17c9c","1a3b0f1a-4474-4d73-9ee1-d28f92a83996",NA,FALSE,FALSE,TRUE,FALSE,NA,"Animalia","Mollusca","Gastropoda","Caenogastropoda","Littorinimorpha","Pterotracheoidea","Pterotracheidae","Firoloida","Firoloida desmarestia",NA,2,51,101,224570,382213,387338,225072,138008,139943,139943,"Firoloida desmaresti","NO_DEPTH",76,1037,27.3,33.55,NA,NA,"1817",NA,NA,NA,NA,-4828204800000,-4.81248e+12,-4796755200000,1817,"36544","present","NIO","This dataset was transferred from National Institute of Oceanography (NIO) by Dr. Mohideen Wafar",NA,NA,NA,NA,NA,NA,NA,NA,NA,NA,NA,NA,NA,NA,NA,NA,NA
NA,"Occurrence",NA,"Lebanon University_Zooplankton of Lebanon_11474","Zooplankton of Lebanon",NA,34.2,35.5,NA,"Lebanon University",NA,0,0,NA,"Firoloida desmarestia","Lesueur,","urn:lsid:marinespecies.org:taxname:139943",NA,NA,"bce722a0-fa02-463b-98b8-f9ea40de32b6","7166db26-05a1-4ca7-832b-19af8260f32e","4bf79a01-65a9-4db6-b37b-18434f26ddfc",0,FALSE,FALSE,TRUE,FALSE,"Biota","Animalia","Mollusca","Gastropoda","Caenogastropoda","Littorinimorpha","Pterotracheoidea","Pterotracheidae","Firoloida","Firoloida desmarestia",1,2,51,101,224570,382213,387338,225072,138008,139943,139943,"Firoloida desmaresti",NA,1353,12127,22.98,39.08,NA,NA,"1973-06/1982-12",NA,NA,NA,NA,107740800000,258940800000,410140800000,1978,"urn:catalog:Lebanon University:Zooplankton of Lebanon:Lebanon University_Zooplankton of Lebanon_11474","present",NA,NA,NA,NA,NA,NA,"Mediterranean Sea","Lebanon","https://marineinfo.org/id/dataset/3474","F1","2013-03-29 12:21:17",NA,NA,NA,NA,NA,NA,NA,NA
NA,"Occurrence",NA,"Lebanon University_Zooplankton of Lebanon_11456","Zooplankton of Lebanon",NA,33.916666667,35.5,NA,"Lebanon University",NA,0,0,NA,"Firoloida desmarestia","Lesueur,","urn:lsid:marinespecies.org:taxname:139943",NA,NA,"bd37ca2c-9c0a-45b7-95e9-0dee4bb190a7","7166db26-05a1-4ca7-832b-19af8260f32e","4bf79a01-65a9-4db6-b37b-18434f26ddfc",0,FALSE,FALSE,TRUE,FALSE,"Biota","Animalia","Mollusca","Gastropoda","Caenogastropoda","Littorinimorpha","Pterotracheoidea","Pterotracheidae","Firoloida","Firoloida desmarestia",1,2,51,101,224570,382213,387338,225072,138008,139943,139943,"Firoloida desmaresti",NA,92,1090,23.02,39.06,NA,NA,"1970-07/1972-10",NA,NA,NA,NA,15638400000,52444800000,89337600000,1971,"urn:catalog:Lebanon University:Zooplankton of Lebanon:Lebanon University_Zooplankton of Lebanon_11456","present",NA,NA,NA,NA,NA,NA,"Mediterranean Sea","Lebanon","https://marineinfo.org/id/dataset/3474","H1","2013-03-29 12:21:17",NA,NA,NA,NA,NA,NA,NA,NA
"National Museum of Natural History, Smithsonian Institution","PreservedSpecimen","Department of Invertebrate Zoology, Research and Collections Information System, NMNH, Smithsonian Institution. See: http://www.mnh.si.edu/rc/db/collection_db_policy1.html, 05-14-2010","848008.513173","Invertebrate Zoology: Mollusks",NA,-2.367000103,-118.724998474,NA,"USNM",NA,NA,NA,NA,"Firoloida desmarestia","Lesueur","urn:lsid:marinespecies.org:taxname:139943",NA,"South Pacific Ocean","c023f72d-080e-4842-bf09-ecaf6cd49a11","89e23fc8-3f61-4480-9de3-358fe6eefe0b","310922b4-9d0c-4de1-92d7-9b442d34765b",NA,FALSE,FALSE,TRUE,FALSE,NA,"Animalia","Mollusca","Gastropoda","Caenogastropoda","Littorinimorpha","Pterotracheoidea","Pterotracheidae","Firoloida","Firoloida desmarestia",NA,2,51,101,224570,382213,387338,225072,138008,139943,139943,"Firoloida desmarestia","NO_DEPTH",4184,1757198,25.17,35.11,"17","observedindividualcount=4;","1967-08-17T12:00:00Z","4.0","8","Formalin","1967",-74995200000,-74995200000,-74995200000,1967,NA,NA,NA,NA,NA,NA,NA,NA,NA,NA,NA,NA,NA,NA,NA,NA,NA,NA,NA,NA,NA
NA,"Occurrence",NA,"Lebanon University_Zooplankton of Lebanon_11475","Zooplankton of Lebanon",NA,34.216666667,35.516666667,NA,"Lebanon University",NA,0,0,NA,"Firoloida desmarestia","Lesueur,","urn:lsid:marinespecies.org:taxname:139943",NA,NA,"cba54694-2cf2-4440-a21d-97a9f3ec5df3","7166db26-05a1-4ca7-832b-19af8260f32e","4bf79a01-65a9-4db6-b37b-18434f26ddfc",0,FALSE,FALSE,TRUE,FALSE,"Biota","Animalia","Mollusca","Gastropoda","Caenogastropoda","Littorinimorpha","Pterotracheoidea","Pterotracheidae","Firoloida","Firoloida desmarestia",1,2,51,101,224570,382213,387338,225072,138008,139943,139943,"Firoloida desmaresti",NA,1195.4,10915,22.98,39.08,NA,NA,"1973-06/1982-12",NA,NA,NA,NA,107740800000,258940800000,410140800000,1978,"urn:catalog:Lebanon University:Zooplankton of Lebanon:Lebanon University_Zooplankton of Lebanon_11475","present",NA,NA,NA,NA,NA,NA,"Mediterranean Sea","Lebanon","https://marineinfo.org/id/dataset/3474","F2","2013-03-29 12:21:17",NA,NA,NA,NA,NA,NA,NA,NA
"Rosenberg, G., F. Moretzsohn, and E. F. Garca. 2009. Gastropoda (Mollusca) of the Gulf of Mexico, Pp. 579-699.Felder, D.L. and D.K. Camp (eds.), Gulf of Mexico-Origins, Waters, and Biota. Biodiversity. Texas A&M Press, College Station, Texas.","HumanObservation","Moretzsohn, F., J. Brenner, P. Michaud, J.W. Tunnell, and T. Shirley. 2009. Biodiversity of the Gulf of Mexico Database. Version 1. URL: http://gulfbase.org/","Spp-33-0574_D3","B89PII","313300.0",23.2547931671,-88.9384689331,"Rosenberg, G., F. Moretzsohn, and E. F. Garca","HRI","SSE  Gulf of Mexico",100,0,"Database description and disclaimer at: http://gulfbase.org/","Firoloida desmarestia","Lesueur,","urn:lsid:marinespecies.org:taxname:139943","0-100","Gulf of Mexico","cdf40672-09d0-44fa-8510-660d94576366","d1001fdc-d4a2-4d01-bcd2-2e122f2ca537","310922b4-9d0c-4de1-92d7-9b442d34765b",50,FALSE,FALSE,TRUE,FALSE,"Biota","Animalia","Mollusca","Gastropoda","Caenogastropoda","Littorinimorpha","Pterotracheoidea","Pterotracheidae","Firoloida","Firoloida desmarestia",1,2,51,101,224570,382213,387338,225072,138008,139943,139943,"Firoloida desmarestia",NA,78,116921,26.89,36.28,NA,NA,NA,NA,NA,NA,NA,NA,NA,NA,NA,NA,NA,NA,NA,NA,NA,NA,NA,NA,NA,NA,NA,NA,NA,NA,NA,NA,NA,NA,NA,NA
NA,"Occurrence",NA,"Lebanon University_Zooplankton of Lebanon_11480","Zooplankton of Lebanon",NA,34.416666667,35.533333333,NA,"Lebanon University",NA,0,0,NA,"Firoloida desmarestia","Lesueur,","urn:lsid:marinespecies.org:taxname:139943",NA,NA,"ce3c7b42-192e-4a18-847d-0c1b1497ab06","7166db26-05a1-4ca7-832b-19af8260f32e","4bf79a01-65a9-4db6-b37b-18434f26ddfc",0,FALSE,FALSE,TRUE,FALSE,"Biota","Animalia","Mollusca","Gastropoda","Caenogastropoda","Littorinimorpha","Pterotracheoidea","Pterotracheidae","Firoloida","Firoloida desmarestia",1,2,51,101,224570,382213,387338,225072,138008,139943,139943,"Firoloida desmaresti",NA,1133,17785,22.9,39.1,NA,NA,"1995-04/2002-06",NA,NA,NA,NA,796694400000,911001600000,1025395200000,1998,"urn:catalog:Lebanon University:Zooplankton of Lebanon:Lebanon University_Zooplankton of Lebanon_11480","present",NA,NA,NA,NA,NA,NA,"Mediterranean Sea","Lebanon","https://marineinfo.org/id/dataset/3474","Si1","2013-03-29 12:21:17",NA,NA,NA,NA,NA,NA,NA,NA
NA,"Occurrence",NA,"Lebanon University_Zooplankton of Lebanon_11465","Zooplankton of Lebanon",NA,34,35.5,NA,"Lebanon University",NA,0,0,NA,"Firoloida desmarestia","Lesueur,","urn:lsid:marinespecies.org:taxname:139943",NA,NA,"ce8404ad-cb84-4bc4-b462-888f1e81e2f9","7166db26-05a1-4ca7-832b-19af8260f32e","4bf79a01-65a9-4db6-b37b-18434f26ddfc",0,FALSE,FALSE,TRUE,FALSE,"Biota","Animalia","Mollusca","Gastropoda","Caenogastropoda","Littorinimorpha","Pterotracheoidea","Pterotracheidae","Firoloida","Firoloida desmarestia",1,2,51,101,224570,382213,387338,225072,138008,139943,139943,"Firoloida desmaresti",NA,786.4,9746,23.02,39.06,NA,NA,"1973-06/1990-12",NA,NA,NA,NA,107740800000,385171200000,662601600000,1982,"urn:catalog:Lebanon University:Zooplankton of Lebanon:Lebanon University_Zooplankton of Lebanon_11465","present",NA,NA,NA,NA,NA,NA,"Mediterranean Sea","Lebanon","https://marineinfo.org/id/dataset/3474","K1","2013-03-29 12:21:17",NA,NA,NA,NA,NA,NA,NA,NA
"Rosenberg, G., F. Moretzsohn, and E. F. Garca. 2009. Gastropoda (Mollusca) of the Gulf of Mexico, Pp. 579-699.Felder, D.L. and D.K. Camp (eds.), Gulf of Mexico-Origins, Waters, and Biota. Biodiversity. Texas A&M Press, College Station, Texas.","HumanObservation","Moretzsohn, F., J. Brenner, P. Michaud, J.W. Tunnell, and T. Shirley. 2009. Biodiversity of the Gulf of Mexico Database. Version 1. URL: http://gulfbase.org/","Spp-33-0574_B3","B89PII","234990.0",26.9666690826,-84.1912689209,"Rosenberg, G., F. Moretzsohn, and E. F. Garca","HRI","ENE Gulf of Mexico",100,0,"Database description and disclaimer at: http://gulfbase.org/","Firoloida desmarestia","Lesueur,","urn:lsid:marinespecies.org:taxname:139943","0-100","Gulf of Mexico","d29c534b-060e-4775-a362-10bd765f1d54","d1001fdc-d4a2-4d01-bcd2-2e122f2ca537","310922b4-9d0c-4de1-92d7-9b442d34765b",50,FALSE,FALSE,TRUE,FALSE,"Biota","Animalia","Mollusca","Gastropoda","Caenogastropoda","Littorinimorpha","Pterotracheoidea","Pterotracheidae","Firoloida","Firoloida desmarestia",1,2,51,101,224570,382213,387338,225072,138008,139943,139943,"Firoloida desmarestia",NA,121,156242,25.82,35.95,NA,NA,NA,NA,NA,NA,NA,NA,NA,NA,NA,NA,NA,NA,NA,NA,NA,NA,NA,NA,NA,NA,NA,NA,NA,NA,NA,NA,NA,NA,NA,NA
NA,"LivingSpecimen",NA,NA,"BCO-DMO",NA,14.2821702957,-54.3660011292,NA,NA,NA,1000,0,"instrument: Moc10; tow: 7; net: 4","Firoloida desmarestia",NA,"urn:lsid:marinespecies.org:taxname:139943",NA,NA,"da1427e8-b533-46e4-ad2c-f665834b80f4","56e55f76-6dda-403d-805b-f8922fa1766d","310922b4-9d0c-4de1-92d7-9b442d34765b",500,FALSE,FALSE,TRUE,FALSE,NA,"Animalia","Mollusca","Gastropoda","Caenogastropoda","Littorinimorpha","Pterotracheoidea","Pterotracheidae","Firoloida","Firoloida desmarestia",NA,2,51,101,224570,382213,387338,225072,138008,139943,139943,"Firoloida demarestia",NA,5336,560287,27.54,34.93,NA,NA,NA,NA,NA,NA,NA,NA,NA,NA,NA,NA,NA,NA,NA,NA,NA,NA,NA,NA,NA,NA,"RHB0603_2006_5",NA,NA,NA,NA,NA,NA,NA,"RHB0603",NA
"Rosenberg, G., F. Moretzsohn, and E. F. Garca. 2009. Gastropoda (Mollusca) of the Gulf of Mexico, Pp. 579-699.Felder, D.L. and D.K. Camp (eds.), Gulf of Mexico-Origins, Waters, and Biota. Biodiversity. Texas A&M Press, College Station, Texas.","HumanObservation","Moretzsohn, F., J. Brenner, P. Michaud, J.W. Tunnell, and T. Shirley. 2009. Biodiversity of the Gulf of Mexico Database. Version 1. URL: http://gulfbase.org/","Spp-33-0574_A2","B89PII","365090.0",30.2504348755,-86.6693878174,"Rosenberg, G., F. Moretzsohn, and E. F. Garca","HRI","NNE Gulf of Mexico",100,0,"Database description and disclaimer at: http://gulfbase.org/","Firoloida desmarestia","Lesueur,","urn:lsid:marinespecies.org:taxname:139943","0-100","Gulf of Mexico","dc24b596-f720-473f-8ede-58d0aaa2f26e","d1001fdc-d4a2-4d01-bcd2-2e122f2ca537","310922b4-9d0c-4de1-92d7-9b442d34765b",50,FALSE,FALSE,TRUE,FALSE,"Biota","Animalia","Mollusca","Gastropoda","Caenogastropoda","Littorinimorpha","Pterotracheoidea","Pterotracheidae","Firoloida","Firoloida desmarestia",1,2,51,101,224570,382213,387338,225072,138008,139943,139943,"Firoloida desmarestia","DEPTH_EXCEEDS_BATH",22,16198,23.74,33.2,NA,NA,NA,NA,NA,NA,NA,NA,NA,NA,NA,NA,NA,NA,NA,NA,NA,NA,NA,NA,NA,NA,NA,NA,NA,NA,NA,NA,NA,NA,NA,NA
"National Museum of Natural History, Smithsonian Institution","PreservedSpecimen","Department of Invertebrate Zoology, Research and Collections Information System, NMNH, Smithsonian Institution. See: http://www.mnh.si.edu/rc/db/collection_db_policy1.html, 05-14-2010","1018002.804451","Invertebrate Zoology",NA,27.6530609131,-79.8851394653,NA,"USNM","Fort Pierce",NA,NA,NA,"Firoloida desmarestia","Lesueur","urn:lsid:marinespecies.org:taxname:139943",NA,"North Atlantic Ocean","dcabecf5-c50d-46b3-bbf3-b30e246ff96f","89e23fc8-3f61-4480-9de3-358fe6eefe0b","310922b4-9d0c-4de1-92d7-9b442d34765b",NA,FALSE,FALSE,TRUE,FALSE,NA,"Animalia","Mollusca","Gastropoda","Caenogastropoda","Littorinimorpha","Pterotracheoidea","Pterotracheidae","Firoloida","Firoloida desmarestia",NA,2,51,101,224570,382213,387338,225072,138008,139943,139943,"Firoloida desmarestia","NO_DEPTH",193,44161,26.68,36.07,"1","observedindividualcount=4;","2002-05-01T12:00:00Z","4.0","5","Alcohol (Ethanol)","2002",1020211200000,1020211200000,1020211200000,2002,NA,NA,NA,NA,NA,NA,NA,NA,NA,"United States",NA,NA,NA,NA,NA,NA,NA,NA,NA,"H. Reichert","Florida"
"Rosenberg, G., F. Moretzsohn, and E. F. Garca. 2009. Gastropoda (Mollusca) of the Gulf of Mexico, Pp. 579-699.Felder, D.L. and D.K. Camp (eds.), Gulf of Mexico-Origins, Waters, and Biota. Biodiversity. Texas A&M Press, College Station, Texas.","HumanObservation","Moretzsohn, F., J. Brenner, P. Michaud, J.W. Tunnell, and T. Shirley. 2009. Biodiversity of the Gulf of Mexico Database. Version 1. URL: http://gulfbase.org/","Spp-33-0574_H1","B89PII","302390.0",29.7485084534,-93.0898971558,"Rosenberg, G., F. Moretzsohn, and E. F. Garca","HRI","NNW  Gulf of Mexico",100,0,"Database description and disclaimer at: http://gulfbase.org/","Firoloida desmarestia","Lesueur,","urn:lsid:marinespecies.org:taxname:139943","0-100","Gulf of Mexico","df66ce09-580f-471b-90bb-2c9e9e99b5e4","d1001fdc-d4a2-4d01-bcd2-2e122f2ca537","310922b4-9d0c-4de1-92d7-9b442d34765b",50,FALSE,FALSE,TRUE,FALSE,"Biota","Animalia","Mollusca","Gastropoda","Caenogastropoda","Littorinimorpha","Pterotracheoidea","Pterotracheidae","Firoloida","Firoloida desmarestia",1,2,51,101,224570,382213,387338,225072,138008,139943,139943,"Firoloida desmarestia","DEPTH_EXCEEDS_BATH",-1,119,23.45,29.07,NA,NA,NA,NA,NA,NA,NA,NA,NA,NA,NA,NA,NA,NA,NA,NA,NA,NA,NA,NA,NA,NA,NA,NA,NA,NA,NA,NA,NA,NA,NA,NA
NA,"Occurrence",NA,"Lebanon University_Zooplankton of Lebanon_11464","Zooplankton of Lebanon",NA,34.566666667,35.583333333,NA,"Lebanon University",NA,200,0,NA,"Firoloida desmarestia","Lesueur,","urn:lsid:marinespecies.org:taxname:139943",NA,NA,"e105156f-f622-4e30-b64b-c267535032c9","7166db26-05a1-4ca7-832b-19af8260f32e","4bf79a01-65a9-4db6-b37b-18434f26ddfc",100,FALSE,FALSE,TRUE,FALSE,"Biota","Animalia","Mollusca","Gastropoda","Caenogastropoda","Littorinimorpha","Pterotracheoidea","Pterotracheidae","Firoloida","Firoloida desmarestia",1,2,51,101,224570,382213,387338,225072,138008,139943,139943,"Firoloida desmaresti",NA,1208,17920,22.86,39.1,NA,NA,"1972-06/1982-12",NA,NA,NA,NA,76204800000,243129600000,410140800000,1977,"urn:catalog:Lebanon University:Zooplankton of Lebanon:Lebanon University_Zooplankton of Lebanon_11464","present",NA,NA,NA,NA,NA,NA,"Mediterranean Sea","Lebanon","https://marineinfo.org/id/dataset/3474","G3","2013-03-29 12:21:17",NA,NA,NA,NA,NA,NA,NA,NA
"Rosenberg, G., F. Moretzsohn, and E. F. Garca. 2009. Gastropoda (Mollusca) of the Gulf of Mexico, Pp. 579-699.Felder, D.L. and D.K. Camp (eds.), Gulf of Mexico-Origins, Waters, and Biota. Biodiversity. Texas A&M Press, College Station, Texas.","HumanObservation","Moretzsohn, F., J. Brenner, P. Michaud, J.W. Tunnell, and T. Shirley. 2009. Biodiversity of the Gulf of Mexico Database. Version 1. URL: http://gulfbase.org/","Spp-33-0574_D1","B89PII","225550.0",21.5704536438,-87.8837127686,"Rosenberg, G., F. Moretzsohn, and E. F. Garca","HRI","SSE  Gulf of Mexico",100,0,"Database description and disclaimer at: http://gulfbase.org/","Firoloida desmarestia","Lesueur,","urn:lsid:marinespecies.org:taxname:139943","0-100","Gulf of Mexico","e172a3dc-e4fc-4d10-a3df-ddbd3d2e453c","d1001fdc-d4a2-4d01-bcd2-2e122f2ca537","310922b4-9d0c-4de1-92d7-9b442d34765b",50,FALSE,FALSE,TRUE,FALSE,"Biota","Animalia","Mollusca","Gastropoda","Caenogastropoda","Littorinimorpha","Pterotracheoidea","Pterotracheidae","Firoloida","Firoloida desmarestia",1,2,51,101,224570,382213,387338,225072,138008,139943,139943,"Firoloida desmarestia","DEPTH_EXCEEDS_BATH",8,188,25.96,36.23,NA,NA,NA,NA,NA,NA,NA,NA,NA,NA,NA,NA,NA,NA,NA,NA,NA,NA,NA,NA,NA,NA,NA,NA,NA,NA,NA,NA,NA,NA,NA,NA
"Rosenberg, G., F. Moretzsohn, and E. F. Garca. 2009. Gastropoda (Mollusca) of the Gulf of Mexico, Pp. 579-699.Felder, D.L. and D.K. Camp (eds.), Gulf of Mexico-Origins, Waters, and Biota. Biodiversity. Texas A&M Press, College Station, Texas.","HumanObservation","Moretzsohn, F., J. Brenner, P. Michaud, J.W. Tunnell, and T. Shirley. 2009. Biodiversity of the Gulf of Mexico Database. Version 1. URL: http://gulfbase.org/","Spp-33-0574_F3","B89PII","303960.0",22.4037761688,-97.4438934326,"Rosenberg, G., F. Moretzsohn, and E. F. Garca","HRI","WSW  Gulf of Mexico",100,0,"Database description and disclaimer at: http://gulfbase.org/","Firoloida desmarestia","Lesueur,","urn:lsid:marinespecies.org:taxname:139943","0-100","Gulf of Mexico","e47048b2-9f7d-4fb6-aeed-79b7c03ec93b","d1001fdc-d4a2-4d01-bcd2-2e122f2ca537","310922b4-9d0c-4de1-92d7-9b442d34765b",50,FALSE,FALSE,TRUE,FALSE,"Biota","Animalia","Mollusca","Gastropoda","Caenogastropoda","Littorinimorpha","Pterotracheoidea","Pterotracheidae","Firoloida","Firoloida desmarestia",1,2,51,101,224570,382213,387338,225072,138008,139943,139943,"Firoloida desmarestia",NA,65,37117,26.22,35.78,NA,NA,NA,NA,NA,NA,NA,NA,NA,NA,NA,NA,NA,NA,NA,NA,NA,NA,NA,NA,NA,NA,NA,NA,NA,NA,NA,NA,NA,NA,NA,NA
NA,"HumanObservation",NA,"105475","INDOBIS-DATASET1",NA,-4.58277797699,55.6666679382,NA,"NCL","Seychelles Islands",NA,NA,NA,"Firoloida desmarestia","Lesueur","urn:lsid:marinespecies.org:taxname:139943",NA,NA,"e6ec14ad-2bdc-4fe6-942c-988ae0fe25d8","d0d2a510-ba24-487b-80ca-afc86922cb1c","310922b4-9d0c-4de1-92d7-9b442d34765b",NA,FALSE,FALSE,TRUE,FALSE,"Biota","Animalia","Mollusca","Gastropoda","Caenogastropoda","Littorinimorpha","Pterotracheoidea","Pterotracheidae","Firoloida","Firoloida desmarestia",1,2,51,101,224570,382213,387338,225072,138008,139943,139943,"Firoloida desmaresti","NO_DEPTH",42,10641,28.08,35.24,NA,NA,"1817-07-02T12:00:00Z",NA,NA,NA,NA,-4.81248e+12,-4.81248e+12,-4.81248e+12,1817,NA,NA,NA,NA,NA,NA,NA,"Accepted",NA,NA,NA,NA,NA,NA,NA,NA,NA,NA,NA,NA,NA
NA,"Occurrence",NA,"Lebanon University_Zooplankton of Lebanon_11484","Zooplankton of Lebanon",NA,34.55,35.566666667,NA,"Lebanon University",NA,0,0,NA,"Firoloida desmarestia","Lesueur,","urn:lsid:marinespecies.org:taxname:139943",NA,NA,"e7d8e1e7-9524-4520-9c06-be354f138053","7166db26-05a1-4ca7-832b-19af8260f32e","4bf79a01-65a9-4db6-b37b-18434f26ddfc",0,FALSE,FALSE,TRUE,FALSE,"Biota","Animalia","Mollusca","Gastropoda","Caenogastropoda","Littorinimorpha","Pterotracheoidea","Pterotracheidae","Firoloida","Firoloida desmarestia",1,2,51,101,224570,382213,387338,225072,138008,139943,139943,"Firoloida desmaresti",NA,1200.4,18647,22.86,39.1,NA,NA,"2000-04/2007-06",NA,NA,NA,NA,954547200000,1068854400000,1183161600000,2003,"urn:catalog:Lebanon University:Zooplankton of Lebanon:Lebanon University_Zooplankton of Lebanon_11484","present",NA,NA,NA,NA,NA,NA,"Mediterranean Sea","Lebanon","https://marineinfo.org/id/dataset/3474","Tr2","2013-03-29 12:21:17",NA,NA,NA,NA,NA,NA,NA,NA
NA,"HumanObservation",NA,"105475",NA,NA,-19.678333,63.420277,NA,"CMLRE","Rodrigues Island",NA,NA,NA,"Firoloida desmarestia",NA,"urn:lsid:marinespecies.org:taxname:139943",NA,NA,"e8780972-2594-4dce-9be6-9e40dfbded57","c46f24d7-4dc7-48e1-922a-fc34b66e9ccc","1a3b0f1a-4474-4d73-9ee1-d28f92a83996",NA,FALSE,FALSE,TRUE,FALSE,NA,"Animalia","Mollusca","Gastropoda","Caenogastropoda","Littorinimorpha","Pterotracheoidea","Pterotracheidae","Firoloida","Firoloida desmarestia",NA,2,51,101,224570,382213,387338,225072,138008,139943,139943,"Firoloida desmaresti","NO_DEPTH",-3,184,25.72,34.98,NA,NA,"1817",NA,NA,NA,NA,-4828204800000,-4.81248e+12,-4796755200000,1817,"34546","present","NIO","This dataset was transferred from National Institute of Oceanography (NIO) by Dr. Mohideen Wafar",NA,NA,NA,NA,NA,NA,NA,NA,NA,NA,NA,NA,NA,NA,NA,NA,NA
NA,"PreservedSpecimen",NA,"333195","Malakologie - SMF",NA,33.6048333333,28.5701666667,"A. W. Janssen","SMF",NA,3037,3037,NA,"Firoloida desmarestia",NA,"urn:lsid:marinespecies.org:taxname:139943",NA,NA,"eadb3ca7-7e8a-4cfe-8f95-ac8978eaf5f6","97bdf279-6f78-4ed7-ad9d-27a5886f8ff2","4bf79a01-65a9-4db6-b37b-18434f26ddfc",3037,FALSE,FALSE,TRUE,FALSE,NA,"Animalia","Mollusca","Gastropoda","Caenogastropoda","Littorinimorpha","Pterotracheoidea","Pterotracheidae","Firoloida","Firoloida desmarestia",NA,2,51,101,224570,382213,387338,225072,138008,139943,139943,"Firoloida demarestia",NA,3039.4,238524,21.6,39.06,NA,NA,NA,NA,NA,NA,NA,NA,NA,NA,NA,"urn:catalog:SMF:Malakologie - SMF:333195:0xE9F3030001000600","present",NA,"http://sesam.senckenberg.de/page/index.asp?objekt_id=274539&sprache_kurz=en",NA,NA,NA,NA,NA,"Mediterranean Region","https://marineinfo.org/id/dataset/961",NA,"2009-03-23 11:40:00","demarestia",NA,NA,NA,NA,NA,NA,NA
"Rosenberg, G., F. Moretzsohn, and E. F. Garca. 2009. Gastropoda (Mollusca) of the Gulf of Mexico, Pp. 579-699.Felder, D.L. and D.K. Camp (eds.), Gulf of Mexico-Origins, Waters, and Biota. Biodiversity. Texas A&M Press, College Station, Texas.","HumanObservation","Moretzsohn, F., J. Brenner, P. Michaud, J.W. Tunnell, and T. Shirley. 2009. Biodiversity of the Gulf of Mexico Database. Version 1. URL: http://gulfbase.org/","Spp-33-0574_G3","B89PII","263900.0",27.1292877197,-96.6004257202,"Rosenberg, G., F. Moretzsohn, and E. F. Garca","HRI","WNW  Gulf of Mexico",100,0,"Database description and disclaimer at: http://gulfbase.org/","Firoloida desmarestia","Lesueur,","urn:lsid:marinespecies.org:taxname:139943","0-100","Gulf of Mexico","ee1a08aa-3db1-4a07-bdab-e0c7df285379","d1001fdc-d4a2-4d01-bcd2-2e122f2ca537","310922b4-9d0c-4de1-92d7-9b442d34765b",50,FALSE,FALSE,TRUE,FALSE,"Biota","Animalia","Mollusca","Gastropoda","Caenogastropoda","Littorinimorpha","Pterotracheoidea","Pterotracheidae","Firoloida","Firoloida desmarestia",1,2,51,101,224570,382213,387338,225072,138008,139943,139943,"Firoloida desmarestia",NA,92,75669,25.14,34.99,NA,NA,NA,NA,NA,NA,NA,NA,NA,NA,NA,NA,NA,NA,NA,NA,NA,NA,NA,NA,NA,NA,NA,NA,NA,NA,NA,NA,NA,NA,NA,NA
"National Museum of Natural History, Smithsonian Institution","PreservedSpecimen","Department of Invertebrate Zoology, Research and Collections Information System, NMNH, Smithsonian Institution. See: http://www.mnh.si.edu/rc/db/collection_db_policy1.html, 05-14-2010","848017.513183","Invertebrate Zoology: Mollusks",NA,7.19999980927,-105.432998657,NA,"USNM",NA,NA,NA,NA,"Firoloida desmarestia","Lesueur","urn:lsid:marinespecies.org:taxname:139943",NA,"North Pacific Ocean","ef544041-7c60-44af-8104-4dbf49535483","89e23fc8-3f61-4480-9de3-358fe6eefe0b","310922b4-9d0c-4de1-92d7-9b442d34765b",NA,FALSE,FALSE,TRUE,FALSE,NA,"Animalia","Mollusca","Gastropoda","Caenogastropoda","Littorinimorpha","Pterotracheoidea","Pterotracheidae","Firoloida","Firoloida desmarestia",NA,2,51,101,224570,382213,387338,225072,138008,139943,139943,"Firoloida desmarestia","NO_DEPTH",3654,538497,27.91,33.49,NA,"observedindividualcount=1;",NA,"1.0",NA,"Formalin",NA,NA,NA,NA,NA,NA,NA,NA,NA,NA,NA,NA,NA,NA,NA,NA,NA,NA,NA,NA,NA,NA,NA,NA,NA,NA
"Rosenberg, G., F. Moretzsohn, and E. F. Garca. 2009. Gastropoda (Mollusca) of the Gulf of Mexico, Pp. 579-699.Felder, D.L. and D.K. Camp (eds.), Gulf of Mexico-Origins, Waters, and Biota. Biodiversity. Texas A&M Press, College Station, Texas.","HumanObservation","Moretzsohn, F., J. Brenner, P. Michaud, J.W. Tunnell, and T. Shirley. 2009. Biodiversity of the Gulf of Mexico Database. Version 1. URL: http://gulfbase.org/","Spp-33-0574_C2","B89PII","195770.0",24.7805652618,-82.3406906128,"Rosenberg, G., F. Moretzsohn, and E. F. Garca","HRI","ESE  Gulf of Mexico",100,0,"Database description and disclaimer at: http://gulfbase.org/","Firoloida desmarestia","Lesueur,","urn:lsid:marinespecies.org:taxname:139943","0-100","Gulf of Mexico","f6ba4450-af0a-46e0-af40-44c67ce917fb","d1001fdc-d4a2-4d01-bcd2-2e122f2ca537","310922b4-9d0c-4de1-92d7-9b442d34765b",50,FALSE,FALSE,TRUE,FALSE,"Biota","Animalia","Mollusca","Gastropoda","Caenogastropoda","Littorinimorpha","Pterotracheoidea","Pterotracheidae","Firoloida","Firoloida desmarestia",1,2,51,101,224570,382213,387338,225072,138008,139943,139943,"Firoloida desmarestia","DEPTH_EXCEEDS_BATH",26,28843,26.37,36.14,NA,NA,NA,NA,NA,NA,NA,NA,NA,NA,NA,NA,NA,NA,NA,NA,NA,NA,NA,NA,NA,NA,NA,NA,NA,NA,NA,NA,NA,NA,NA,NA
"National Museum of Natural History, Smithsonian Institution","PreservedSpecimen","Department of Invertebrate Zoology, Research and Collections Information System, NMNH, Smithsonian Institution. See: http://www.mnh.si.edu/rc/db/collection_db_policy1.html, 05-14-2010","848022.513189","Invertebrate Zoology: Mollusks",NA,5.16699981689,-112.467002869,NA,"USNM",NA,NA,NA,NA,"Firoloida desmarestia","Lesueur","urn:lsid:marinespecies.org:taxname:139943",NA,"North Pacific Ocean","f97afbb9-5d66-466d-8d83-b2ef36b72259","89e23fc8-3f61-4480-9de3-358fe6eefe0b","310922b4-9d0c-4de1-92d7-9b442d34765b",NA,FALSE,FALSE,TRUE,FALSE,NA,"Animalia","Mollusca","Gastropoda","Caenogastropoda","Littorinimorpha","Pterotracheoidea","Pterotracheidae","Firoloida","Firoloida desmarestia",NA,2,51,101,224570,382213,387338,225072,138008,139943,139943,"Firoloida desmarestia","NO_DEPTH",4020,672555,27.34,34.19,NA,"observedindividualcount=4;",NA,"4.0",NA,"Formalin",NA,NA,NA,NA,NA,NA,NA,NA,NA,NA,NA,NA,NA,NA,NA,NA,NA,NA,NA,NA,NA,NA,NA,NA,NA,NA
NA,"Occurrence",NA,"Lebanon University_Zooplankton of Lebanon_11481","Zooplankton of Lebanon",NA,34.416666667,35.533333333,NA,"Lebanon University",NA,0,0,NA,"Firoloida desmarestia","Lesueur,","urn:lsid:marinespecies.org:taxname:139943",NA,NA,"fe7925c3-d7b6-4ab0-9825-fa4cd943ea2e","7166db26-05a1-4ca7-832b-19af8260f32e","4bf79a01-65a9-4db6-b37b-18434f26ddfc",0,FALSE,FALSE,TRUE,FALSE,"Biota","Animalia","Mollusca","Gastropoda","Caenogastropoda","Littorinimorpha","Pterotracheoidea","Pterotracheidae","Firoloida","Firoloida desmarestia",1,2,51,101,224570,382213,387338,225072,138008,139943,139943,"Firoloida desmaresti",NA,1133,17785,22.9,39.1,NA,NA,"1995-04/2002-06",NA,NA,NA,NA,796694400000,911001600000,1025395200000,1998,"urn:catalog:Lebanon University:Zooplankton of Lebanon:Lebanon University_Zooplankton of Lebanon_11481","present",NA,NA,NA,NA,NA,NA,"Mediterranean Sea","Lebanon","https://marineinfo.org/id/dataset/3474","Si2","2013-03-29 12:21:17",NA,NA,NA,NA,NA,NA,NA,NA
"Rosenberg, G., F. Moretzsohn, and E. F. Garca. 2009. Gastropoda (Mollusca) of the Gulf of Mexico, Pp. 579-699.Felder, D.L. and D.K. Camp (eds.), Gulf of Mexico-Origins, Waters, and Biota. Biodiversity. Texas A&M Press, College Station, Texas.","HumanObservation","Moretzsohn, F., J. Brenner, P. Michaud, J.W. Tunnell, and T. Shirley. 2009. Biodiversity of the Gulf of Mexico Database. Version 1. URL: http://gulfbase.org/","Spp-33-0574_B1","B89PII","349800.0",27.4702758789,-82.6907272339,"Rosenberg, G., F. Moretzsohn, and E. F. Garca","HRI","ENE Gulf of Mexico",100,0,"Database description and disclaimer at: http://gulfbase.org/","Firoloida desmarestia","Lesueur,","urn:lsid:marinespecies.org:taxname:139943","0-100","Gulf of Mexico","fe957196-e4d1-4d71-9fd1-0165eeb6a873","d1001fdc-d4a2-4d01-bcd2-2e122f2ca537","310922b4-9d0c-4de1-92d7-9b442d34765b",50,FALSE,FALSE,TRUE,FALSE,"Biota","Animalia","Mollusca","Gastropoda","Caenogastropoda","Littorinimorpha","Pterotracheoidea","Pterotracheidae","Firoloida","Firoloida desmarestia",1,2,51,101,224570,382213,387338,225072,138008,139943,139943,"Firoloida desmarestia","DEPTH_EXCEEDS_BATH",-4,42,24.73,36,NA,NA,NA,NA,NA,NA,NA,NA,NA,NA,NA,NA,NA,NA,NA,NA,NA,NA,NA,NA,NA,NA,NA,NA,NA,NA,NA,NA,NA,NA,NA,NA
"Rosenberg, G., F. Moretzsohn, and E. F. Garca. 2009. Gastropoda (Mollusca) of the Gulf of Mexico, Pp. 579-699.Felder, D.L. and D.K. Camp (eds.), Gulf of Mexico-Origins, Waters, and Biota. Biodiversity. Texas A&M Press, College Station, Texas.","HumanObservation","Moretzsohn, F., J. Brenner, P. Michaud, J.W. Tunnell, and T. Shirley. 2009. Biodiversity of the Gulf of Mexico Database. Version 1. URL: http://gulfbase.org/","Spp-33-0574_C1","B89PII","249350.0",23.0251464844,-82.887260437,"Rosenberg, G., F. Moretzsohn, and E. F. Garca","HRI","ESE  Gulf of Mexico",100,0,"Database description and disclaimer at: http://gulfbase.org/","Firoloida desmarestia","Lesueur,","urn:lsid:marinespecies.org:taxname:139943","0-100","Gulf of Mexico","ff694d0f-915c-47a1-9d12-953af7800139","d1001fdc-d4a2-4d01-bcd2-2e122f2ca537","310922b4-9d0c-4de1-92d7-9b442d34765b",50,FALSE,FALSE,TRUE,FALSE,"Biota","Animalia","Mollusca","Gastropoda","Caenogastropoda","Littorinimorpha","Pterotracheoidea","Pterotracheidae","Firoloida","Firoloida desmarestia",1,2,51,101,224570,382213,387338,225072,138008,139943,139943,"Firoloida desmarestia",NA,126,466,27.69,35.98,NA,NA,NA,NA,NA,NA,NA,NA,NA,NA,NA,NA,NA,NA,NA,NA,NA,NA,NA,NA,NA,NA,NA,NA,NA,NA,NA,NA,NA,NA,NA,NA
